rank,country_full,country_abrv,total_points,confederation,rank_date,wc_year
1,Germany,GER,60.0,UEFA,1994-06-14,1994
2,Netherlands,NED,59.0,UEFA,1994-06-14,1994
3,Brazil,BRA,59.0,CONMEBOL,1994-06-14,1994
4,Italy,ITA,57.0,UEFA,1994-06-14,1994
5,Spain,ESP,56.0,UEFA,1994-06-14,1994
6,Norway,NOR,56.0,UEFA,1994-06-14,1994
7,Romania,ROU,55.0,UEFA,1994-06-14,1994
8,Argentina,ARG,55.0,CONMEBOL,1994-06-14,1994
9,Denmark,DEN,55.0,UEFA,1994-06-14,1994
10,Sweden,SWE,55.0,UEFA,1994-06-14,1994
11,Nigeria,NGA,54.0,CAF,1994-06-14,1994
12,Switzerland,SUI,54.0,UEFA,1994-06-14,1994
13,France,FRA,53.0,UEFA,1994-06-14,1994
14,Republic of Ireland,IRL,53.0,UEFA,1994-06-14,1994
15,England,ENG,52.0,UEFA,1994-06-14,1994
16,Mexico,MEX,51.0,CONCACAF,1994-06-14,1994
17,Colombia,COL,51.0,CONMEBOL,1994-06-14,1994
18,Uruguay,URU,50.0,CONMEBOL,1994-06-14,1994
19,Russia,RUS,50.0,UEFA,1994-06-14,1994
20,Zambia,ZAM,49.0,CAF,1994-06-14,1994
21,Cote d'Ivoire,CIV,47.0,CAF,1994-06-14,1994
22,Portugal,POR,47.0,UEFA,1994-06-14,1994
23,USA,USA,47.0,CONCACAF,1994-06-14,1994
24,Cameroon,CMR,46.0,CAF,1994-06-14,1994
25,Egypt,EGY,45.0,CAF,1994-06-14,1994
26,Ghana,GHA,44.0,CAF,1994-06-14,1994
27,Belgium,BEL,44.0,UEFA,1994-06-14,1994
28,Morocco,MAR,44.0,CAF,1994-06-14,1994
29,Bulgaria,BUL,44.0,UEFA,1994-06-14,1994
30,Tunisia,TUN,42.0,CAF,1994-06-14,1994
31,Greece,GRE,41.0,UEFA,1994-06-14,1994
32,Poland,POL,41.0,UEFA,1994-06-14,1994
33,Scotland,SCO,40.0,UEFA,1994-06-14,1994
34,Saudi Arabia,KSA,40.0,AFC,1994-06-14,1994
35,Wales,WAL,39.0,UEFA,1994-06-14,1994
36,Austria,AUT,38.0,UEFA,1994-06-14,1994
37,Korea Republic,KOR,38.0,AFC,1994-06-14,1994
38,Iceland,ISL,38.0,UEFA,1994-06-14,1994
39,Ecuador,ECU,37.0,CONMEBOL,1994-06-14,1994
40,Chile,CHI,37.0,CONMEBOL,1994-06-14,1994
41,Northern Ireland,NIR,37.0,UEFA,1994-06-14,1994
42,Zimbabwe,ZIM,35.0,CAF,1994-06-14,1994
43,Bolivia,BOL,35.0,CONMEBOL,1994-06-14,1994
44,Slovakia,SVK,35.0,UEFA,1994-06-14,1994
45,Czech Republic,CZE,35.0,UEFA,1994-06-14,1994
46,Finland,FIN,35.0,UEFA,1994-06-14,1994
47,Australia,AUS,34.0,AFC,1994-06-14,1994
48,Algeria,ALG,34.0,CAF,1994-06-14,1994
49,Mali,MLI,34.0,CAF,1994-06-14,1994
50,Honduras,HON,34.0,CONCACAF,1994-06-14,1994
51,Costa Rica,CRC,34.0,CONCACAF,1994-06-14,1994
52,Japan,JPN,33.0,AFC,1994-06-14,1994
53,Israel,ISR,32.0,UEFA,1994-06-14,1994
54,Canada,CAN,31.0,CONCACAF,1994-06-14,1994
55,Senegal,SEN,31.0,CAF,1994-06-14,1994
56,Hungary,HUN,31.0,UEFA,1994-06-14,1994
57,Turkiye,TUR,31.0,UEFA,1994-06-14,1994
58,IR Iran,IRN,30.0,AFC,1994-06-14,1994
59,China PR,CHN,29.0,AFC,1994-06-14,1994
60,Paraguay,PAR,28.0,CONMEBOL,1994-06-14,1994
61,Guinea,GUI,26.0,CAF,1994-06-14,1994
62,United Arab Emirates,UAE,26.0,AFC,1994-06-14,1994
63,Zaire,ZAI,26.0,CAF,1994-06-14,1994
64,Gabon,GAB,26.0,CAF,1994-06-14,1994
65,Iraq,IRQ,26.0,AFC,1994-06-14,1994
66,Sierra Leone,SLE,24.0,CAF,1994-06-14,1994
67,Peru,PER,24.0,CONMEBOL,1994-06-14,1994
68,El Salvador,SLV,23.0,CONCACAF,1994-06-14,1994
69,Qatar,QAT,23.0,AFC,1994-06-14,1994
70,Jamaica,JAM,23.0,CONCACAF,1994-06-14,1994
71,Korea DPR,PRK,23.0,AFC,1994-06-14,1994
72,Malta,MLT,22.0,UEFA,1994-06-14,1994
73,Cyprus,CYP,22.0,UEFA,1994-06-14,1994
74,Kuwait,KUW,22.0,AFC,1994-06-14,1994
75,Thailand,THA,22.0,AFC,1994-06-14,1994
76,South Africa,RSA,21.0,CAF,1994-06-14,1994
77,Oman,OMA,21.0,AFC,1994-06-14,1994
78,Yugoslavia,YUG,21.0,UEFA,1994-06-14,1994
79,Slovenia,SVN,21.0,UEFA,1994-06-14,1994
80,Malawi,MWI,21.0,CAF,1994-06-14,1994
81,Niger,NIG,21.0,CAF,1994-06-14,1994
82,Kenya,KEN,20.0,CAF,1994-06-14,1994
83,Ukraine,UKR,20.0,UEFA,1994-06-14,1994
84,Trinidad and Tobago,TRI,20.0,CONCACAF,1994-06-14,1994
85,Latvia,LVA,19.0,UEFA,1994-06-14,1994
86,Syria,SYR,19.0,AFC,1994-06-14,1994
87,Singapore,SGP,19.0,AFC,1994-06-14,1994
88,Lithuania,LTU,19.0,UEFA,1994-06-14,1994
89,Bermuda,BER,17.0,CONCACAF,1994-06-14,1994
90,New Zealand,NZL,17.0,OFC,1994-06-14,1994
91,Croatia,CRO,17.0,UEFA,1994-06-14,1994
92,Bahrain,BHR,15.0,AFC,1994-06-14,1994
93,Suriname,SUR,15.0,CONCACAF,1994-06-14,1994
94,Venezuela,VEN,15.0,CONMEBOL,1994-06-14,1994
95,Malaysia,MAS,15.0,AFC,1994-06-14,1994
96,Jordan,JOR,15.0,AFC,1994-06-14,1994
97,Fiji,FIJ,14.0,OFC,1994-06-14,1994
98,Barbados,BRB,14.0,CONCACAF,1994-06-14,1994
99,Tanzania,TAN,14.0,CAF,1994-06-14,1994
100,Eswatini,SWZ,13.0,CAF,1994-06-14,1994
101,Uganda,UGA,13.0,CAF,1994-06-14,1994
102,Burkina Faso,BFA,13.0,CAF,1994-06-14,1994
103,Yemen,YEM,13.0,AFC,1994-06-14,1994
104,Albania,ALB,13.0,UEFA,1994-06-14,1994
105,India,IND,13.0,AFC,1994-06-14,1994
106,Madagascar,MAD,13.0,CAF,1994-06-14,1994
107,Puerto Rico,PUR,12.0,CONCACAF,1994-06-14,1994
108,Mozambique,MOZ,12.0,CAF,1994-06-14,1994
109,Hong Kong,HKG,12.0,AFC,1994-06-14,1994
110,Gambia,GAM,12.0,CAF,1994-06-14,1994
111,Burundi,BDI,12.0,CAF,1994-06-14,1994
112,Estonia,EST,12.0,UEFA,1994-06-14,1994
113,Congo,CGO,11.0,CAF,1994-06-14,1994
114,Ethiopia,ETH,11.0,CAF,1994-06-14,1994
115,Myanmar,MYA,10.0,AFC,1994-06-14,1994
116,Guinea-Bissau,GNB,10.0,CAF,1994-06-14,1994
117,Luxembourg,LUX,10.0,UEFA,1994-06-14,1994
118,North Macedonia,MKD,10.0,UEFA,1994-06-14,1994
119,Lebanon,LBN,10.0,AFC,1994-06-14,1994
120,Indonesia,IDN,9.0,AFC,1994-06-14,1994
121,Antigua and Barbuda,ATG,9.0,CONCACAF,1994-06-14,1994
122,Haiti,HAI,9.0,CONCACAF,1994-06-14,1994
123,Togo,TOG,9.0,CAF,1994-06-14,1994
124,Angola,ANG,9.0,CAF,1994-06-14,1994
125,Faroe Islands,FRO,8.0,UEFA,1994-06-14,1994
126,Georgia,GEO,8.0,UEFA,1994-06-14,1994
127,Sri Lanka,SRI,8.0,AFC,1994-06-14,1994
128,Nepal,NEP,8.0,AFC,1994-06-14,1994
129,Sudan,SDN,8.0,CAF,1994-06-14,1994
130,Bangladesh,BAN,8.0,AFC,1994-06-14,1994
131,Panama,PAN,7.0,CONCACAF,1994-06-14,1994
132,San Marino,SMR,7.0,UEFA,1994-06-14,1994
133,Grenada,GRN,7.0,CONCACAF,1994-06-14,1994
134,Guatemala,GUA,7.0,CONCACAF,1994-06-14,1994
135,St. Vincent and the Grenadines,VIN,7.0,CONCACAF,1994-06-14,1994
136,Liberia,LBR,6.0,CAF,1994-06-14,1994
138,Benin,BEN,6.0,CAF,1994-06-14,1994
139,Mauritius,MRI,5.0,CAF,1994-06-14,1994
140,Tahiti,TAH,5.0,OFC,1994-06-14,1994
141,Cayman Islands,CAY,4.0,CONCACAF,1994-06-14,1994
142,Belarus,BLR,4.0,UEFA,1994-06-14,1994
143,Vietnam,VIE,4.0,AFC,1994-06-14,1994
144,Lesotho,LES,4.0,CAF,1994-06-14,1994
145,Guyana,GUY,4.0,CONCACAF,1994-06-14,1994
146,St. Lucia,LCA,4.0,CONCACAF,1994-06-14,1994
147,Pakistan,PAK,4.0,AFC,1994-06-14,1994
148,Botswana,BOT,3.0,CAF,1994-06-14,1994
149,Moldova,MDA,3.0,UEFA,1994-06-14,1994
150,Mauritania,MTN,3.0,CAF,1994-06-14,1994
151,Liechtenstein,LIE,2.0,UEFA,1994-06-14,1994
152,Maldives,MDV,2.0,AFC,1994-06-14,1994
153,Cape Verde,CPV,2.0,CAF,1994-06-14,1994
154,Laos,LAO,2.0,AFC,1994-06-14,1994
155,Solomon Islands,SOL,2.0,OFC,1994-06-14,1994
156,Dominican Republic,DOM,1.0,CONCACAF,1994-06-14,1994
157,Libya,LBY,1.0,CAF,1994-06-14,1994
158,Brunei Darussalam,BRU,1.0,AFC,1994-06-14,1994
159,Armenia,ARM,1.0,UEFA,1994-06-14,1994
160,Nicaragua,NCA,1.0,CONCACAF,1994-06-14,1994
1,Brazil,BRA,72.0,CONMEBOL,1998-05-20,1998
2,Germany,GER,65.0,UEFA,1998-05-20,1998
3,Czech Republic,CZE,65.0,UEFA,1998-05-20,1998
4,Mexico,MEX,61.0,CONCACAF,1998-05-20,1998
5,England,ENG,60.0,UEFA,1998-05-20,1998
6,Argentina,ARG,60.0,CONMEBOL,1998-05-20,1998
7,Norway,NOR,60.0,UEFA,1998-05-20,1998
8,Yugoslavia,YUG,59.0,UEFA,1998-05-20,1998
9,Chile,CHI,59.0,CONMEBOL,1998-05-20,1998
10,Colombia,COL,58.0,CONMEBOL,1998-05-20,1998
11,USA,USA,58.0,CONCACAF,1998-05-20,1998
12,Japan,JPN,58.0,AFC,1998-05-20,1998
13,Morocco,MAR,57.0,CAF,1998-05-20,1998
14,Italy,ITA,57.0,UEFA,1998-05-20,1998
15,Spain,ESP,56.0,UEFA,1998-05-20,1998
16,Russia,RUS,56.0,UEFA,1998-05-20,1998
17,Egypt,EGY,56.0,CAF,1998-05-20,1998
18,France,FRA,56.0,UEFA,1998-05-20,1998
19,Croatia,CRO,56.0,UEFA,1998-05-20,1998
20,Korea Republic,KOR,55.0,AFC,1998-05-20,1998
21,Tunisia,TUN,55.0,CAF,1998-05-20,1998
22,Romania,ROU,55.0,UEFA,1998-05-20,1998
23,Zambia,ZAM,55.0,CAF,1998-05-20,1998
24,South Africa,RSA,55.0,CAF,1998-05-20,1998
25,Netherlands,NED,54.0,UEFA,1998-05-20,1998
26,Ecuador,ECU,53.0,CONMEBOL,1998-05-20,1998
27,Denmark,DEN,53.0,UEFA,1998-05-20,1998
28,Sweden,SWE,53.0,UEFA,1998-05-20,1998
29,Paraguay,PAR,52.0,CONMEBOL,1998-05-20,1998
30,Jamaica,JAM,52.0,CONCACAF,1998-05-20,1998
31,Austria,AUT,52.0,UEFA,1998-05-20,1998
32,Australia,AUS,52.0,AFC,1998-05-20,1998
33,Bolivia,BOL,51.0,CONMEBOL,1998-05-20,1998
34,Saudi Arabia,KSA,51.0,AFC,1998-05-20,1998
35,Bulgaria,BUL,50.0,UEFA,1998-05-20,1998
36,Belgium,BEL,50.0,UEFA,1998-05-20,1998
37,Peru,PER,50.0,CONMEBOL,1998-05-20,1998
38,Uruguay,URU,50.0,CONMEBOL,1998-05-20,1998
39,Portugal,POR,49.0,UEFA,1998-05-20,1998
40,Slovakia,SVK,49.0,UEFA,1998-05-20,1998
41,Scotland,SCO,48.0,UEFA,1998-05-20,1998
42,IR Iran,IRN,48.0,AFC,1998-05-20,1998
43,Kuwait,KUW,47.0,AFC,1998-05-20,1998
44,Cote d'Ivoire,CIV,47.0,CAF,1998-05-20,1998
45,Lithuania,LTU,47.0,UEFA,1998-05-20,1998
46,Republic of Ireland,IRL,46.0,UEFA,1998-05-20,1998
47,Israel,ISR,46.0,UEFA,1998-05-20,1998
48,Trinidad and Tobago,TRI,45.0,CONCACAF,1998-05-20,1998
49,Cameroon,CMR,45.0,CAF,1998-05-20,1998
50,Thailand,THA,45.0,AFC,1998-05-20,1998
51,China PR,CHN,45.0,AFC,1998-05-20,1998
52,Georgia,GEO,45.0,UEFA,1998-05-20,1998
53,Turkiye,TUR,45.0,UEFA,1998-05-20,1998
54,Poland,POL,44.0,UEFA,1998-05-20,1998
55,Greece,GRE,44.0,UEFA,1998-05-20,1998
56,Angola,ANG,44.0,CAF,1998-05-20,1998
57,Algeria,ALG,43.0,CAF,1998-05-20,1998
58,Costa Rica,CRC,43.0,CONCACAF,1998-05-20,1998
59,United Arab Emirates,UAE,43.0,AFC,1998-05-20,1998
60,Guinea,GUI,43.0,CAF,1998-05-20,1998
61,Finland,FIN,42.0,UEFA,1998-05-20,1998
62,Hungary,HUN,42.0,UEFA,1998-05-20,1998
63,Zaire,ZAI,41.0,CAF,1998-05-20,1998
64,Ukraine,UKR,40.0,UEFA,1998-05-20,1998
65,Ghana,GHA,40.0,CAF,1998-05-20,1998
66,Mali,MLI,40.0,CAF,1998-05-20,1998
67,Burkina Faso,BFA,39.0,CAF,1998-05-20,1998
68,El Salvador,SLV,39.0,CONCACAF,1998-05-20,1998
69,Mozambique,MOZ,39.0,CAF,1998-05-20,1998
70,Qatar,QAT,38.0,AFC,1998-05-20,1998
71,North Macedonia,MKD,38.0,UEFA,1998-05-20,1998
72,Iceland,ISL,37.0,UEFA,1998-05-20,1998
73,Togo,TOG,37.0,CAF,1998-05-20,1998
74,Nigeria,NGA,37.0,CAF,1998-05-20,1998
75,Guatemala,GUA,37.0,CONCACAF,1998-05-20,1998
76,Namibia,NAM,37.0,CAF,1998-05-20,1998
77,Canada,CAN,36.0,CONCACAF,1998-05-20,1998
78,Senegal,SEN,36.0,CAF,1998-05-20,1998
79,Gabon,GAB,36.0,CAF,1998-05-20,1998
80,Uzbekistan,UZB,36.0,AFC,1998-05-20,1998
81,Switzerland,SUI,36.0,UEFA,1998-05-20,1998
82,Latvia,LVA,36.0,UEFA,1998-05-20,1998
83,Cyprus,CYP,36.0,UEFA,1998-05-20,1998
84,Zimbabwe,ZIM,35.0,CAF,1998-05-20,1998
85,Iraq,IRQ,34.0,AFC,1998-05-20,1998
86,Honduras,HON,34.0,CONCACAF,1998-05-20,1998
87,Oman,OMA,34.0,AFC,1998-05-20,1998
88,Cuba,CUB,33.0,CONCACAF,1998-05-20,1998
89,Indonesia,IDN,33.0,AFC,1998-05-20,1998
90,Northern Ireland,NIR,33.0,UEFA,1998-05-20,1998
91,Sierra Leone,SLE,33.0,CAF,1998-05-20,1998
92,Syria,SYR,31.0,AFC,1998-05-20,1998
93,Kenya,KEN,31.0,CAF,1998-05-20,1998
94,Slovenia,SVN,31.0,UEFA,1998-05-20,1998
95,Tanzania,TAN,31.0,CAF,1998-05-20,1998
96,Lebanon,LBN,30.0,AFC,1998-05-20,1998
97,Malawi,MWI,30.0,CAF,1998-05-20,1998
98,Liberia,LBR,29.0,CAF,1998-05-20,1998
99,Malaysia,MAS,29.0,AFC,1998-05-20,1998
100,Vietnam,VIE,29.0,AFC,1998-05-20,1998
101,Albania,ALB,29.0,UEFA,1998-05-20,1998
102,Bosnia and Herzegovina,BIH,28.0,UEFA,1998-05-20,1998
103,Wales,WAL,28.0,UEFA,1998-05-20,1998
104,Estonia,EST,28.0,UEFA,1998-05-20,1998
105,Grenada,GRN,27.0,CONCACAF,1998-05-20,1998
106,Singapore,SGP,27.0,AFC,1998-05-20,1998
107,Kazakhstan,KAZ,26.0,UEFA,1998-05-20,1998
108,Barbados,BRB,26.0,CONCACAF,1998-05-20,1998
109,Congo,CGO,25.0,CAF,1998-05-20,1998
110,Haiti,HAI,25.0,CONCACAF,1998-05-20,1998
111,Armenia,ARM,25.0,UEFA,1998-05-20,1998
112,Belarus,BLR,24.0,UEFA,1998-05-20,1998
113,Sudan,SDN,24.0,CAF,1998-05-20,1998
114,Venezuela,VEN,24.0,CONMEBOL,1998-05-20,1998
115,India,IND,24.0,AFC,1998-05-20,1998
116,Uganda,UGA,24.0,CAF,1998-05-20,1998
117,New Zealand,NZL,23.0,OFC,1998-05-20,1998
118,Myanmar,MYA,23.0,AFC,1998-05-20,1998
119,Tajikistan,TJK,22.0,AFC,1998-05-20,1998
120,Gambia,GAM,22.0,CAF,1998-05-20,1998
121,Faroe Islands,FRO,22.0,UEFA,1998-05-20,1998
122,St. Kitts and Nevis,SKN,21.0,CONCACAF,1998-05-20,1998
123,Azerbaijan,AZE,21.0,UEFA,1998-05-20,1998
124,Malta,MLT,20.0,UEFA,1998-05-20,1998
125,Jordan,JOR,20.0,AFC,1998-05-20,1998
126,St. Vincent and the Grenadines,VIN,20.0,CONCACAF,1998-05-20,1998
127,Panama,PAN,20.0,CONCACAF,1998-05-20,1998
128,Mauritania,MTN,19.0,CAF,1998-05-20,1998
129,Sri Lanka,SRI,19.0,AFC,1998-05-20,1998
130,Dominica,DMA,18.0,CONCACAF,1998-05-20,1998
131,Ethiopia,ETH,17.0,CAF,1998-05-20,1998
132,Benin,BEN,17.0,CAF,1998-05-20,1998
133,St. Lucia,LCA,17.0,CONCACAF,1998-05-20,1998
134,Bahrain,BHR,17.0,AFC,1998-05-20,1998
135,Yemen,YEM,16.0,AFC,1998-05-20,1998
136,Lesotho,LES,16.0,CAF,1998-05-20,1998
137,Solomon Islands,SOL,16.0,OFC,1998-05-20,1998
138,Moldova,MDA,16.0,UEFA,1998-05-20,1998
139,Hong Kong,HKG,16.0,AFC,1998-05-20,1998
140,Turkmenistan,TKM,16.0,AFC,1998-05-20,1998
141,Kyrgyz Republic,KGZ,15.0,AFC,1998-05-20,1998
142,Dominican Republic,DOM,15.0,CONCACAF,1998-05-20,1998
143,Luxembourg,LUX,14.0,UEFA,1998-05-20,1998
144,Antigua and Barbuda,ATG,14.0,CONCACAF,1998-05-20,1998
145,Laos,LAO,14.0,AFC,1998-05-20,1998
146,Suriname,SUR,13.0,CONCACAF,1998-05-20,1998
147,Eswatini,SWZ,13.0,CAF,1998-05-20,1998
148,Libya,LBY,12.0,CAF,1998-05-20,1998
149,Bangladesh,BAN,12.0,AFC,1998-05-20,1998
151,Fiji,FIJ,11.0,OFC,1998-05-20,1998
152,Guinea-Bissau,GNB,11.0,CAF,1998-05-20,1998
153,Guyana,GUY,11.0,CONCACAF,1998-05-20,1998
154,Botswana,BOT,10.0,CAF,1998-05-20,1998
155,Niger,NIG,10.0,CAF,1998-05-20,1998
156,Pakistan,PAK,9.0,AFC,1998-05-20,1998
157,Mauritius,MRI,9.0,CAF,1998-05-20,1998
158,Burundi,BDI,8.0,CAF,1998-05-20,1998
159,Cambodia,CAM,8.0,AFC,1998-05-20,1998
160,Maldives,MDV,8.0,AFC,1998-05-20,1998
161,Macau,MAC,7.0,AFC,1998-05-20,1998
162,Chinese Taipei,TPE,7.0,AFC,1998-05-20,1998
163,Tahiti,TAH,7.0,OFC,1998-05-20,1998
164,Cape Verde,CPV,7.0,CAF,1998-05-20,1998
165,Liechtenstein,LIE,7.0,UEFA,1998-05-20,1998
166,Nepal,NEP,7.0,AFC,1998-05-20,1998
167,Cayman Islands,CAY,6.0,CONCACAF,1998-05-20,1998
168,Papua New Guinea,PNG,6.0,OFC,1998-05-20,1998
169,Madagascar,MAD,6.0,CAF,1998-05-20,1998
170,Korea DPR,PRK,5.0,AFC,1998-05-20,1998
171,Puerto Rico,PUR,5.0,CONCACAF,1998-05-20,1998
172,Rwanda,RWA,5.0,CAF,1998-05-20,1998
173,Aruba,ARU,5.0,CONCACAF,1998-05-20,1998
174,Philippines,PHI,4.0,AFC,1998-05-20,1998
175,Tonga,TGA,4.0,OFC,1998-05-20,1998
176,San Marino,SMR,4.0,UEFA,1998-05-20,1998
177,Brunei Darussalam,BRU,3.0,AFC,1998-05-20,1998
178,Belize,BLZ,3.0,CONCACAF,1998-05-20,1998
179,British Virgin Islands,VGB,2.0,CONCACAF,1998-05-20,1998
180,Seychelles,SEY,2.0,CAF,1998-05-20,1998
181,Samoa,SAM,2.0,OFC,1998-05-20,1998
182,Chad,CHA,2.0,CAF,1998-05-20,1998
183,Bermuda,BER,2.0,CONCACAF,1998-05-20,1998
184,Nicaragua,NCA,2.0,CONCACAF,1998-05-20,1998
185,Andorra,AND,2.0,UEFA,1998-05-20,1998
186,Vanuatu,VAN,1.0,OFC,1998-05-20,1998
187,Somalia,SOM,1.0,CAF,1998-05-20,1998
188,Central African Republic,CTA,1.0,CAF,1998-05-20,1998
1,France,FRA,802.0,UEFA,2002-05-15,2002
2,Brazil,BRA,784.0,CONMEBOL,2002-05-15,2002
3,Argentina,ARG,784.0,CONMEBOL,2002-05-15,2002
4,Colombia,COL,728.0,CONMEBOL,2002-05-15,2002
5,Portugal,POR,726.0,UEFA,2002-05-15,2002
6,Italy,ITA,717.0,UEFA,2002-05-15,2002
7,Mexico,MEX,716.0,CONCACAF,2002-05-15,2002
8,Spain,ESP,713.0,UEFA,2002-05-15,2002
9,Netherlands,NED,703.0,UEFA,2002-05-15,2002
10,Yugoslavia,YUG,702.0,UEFA,2002-05-15,2002
11,Germany,GER,695.0,UEFA,2002-05-15,2002
12,England,ENG,694.0,UEFA,2002-05-15,2002
13,USA,USA,690.0,CONCACAF,2002-05-15,2002
14,Romania,ROU,675.0,UEFA,2002-05-15,2002
15,Republic of Ireland,IRL,674.0,UEFA,2002-05-15,2002
16,Czech Republic,CZE,674.0,UEFA,2002-05-15,2002
17,Cameroon,CMR,672.0,CAF,2002-05-15,2002
18,Paraguay,PAR,671.0,CONMEBOL,2002-05-15,2002
19,Sweden,SWE,665.0,UEFA,2002-05-15,2002
20,Denmark,DEN,657.0,UEFA,2002-05-15,2002
21,Croatia,CRO,655.0,UEFA,2002-05-15,2002
22,Turkiye,TUR,654.0,UEFA,2002-05-15,2002
23,Belgium,BEL,653.0,UEFA,2002-05-15,2002
24,Uruguay,URU,652.0,CONMEBOL,2002-05-15,2002
25,Slovenia,SVN,649.0,UEFA,2002-05-15,2002
26,Honduras,HON,647.0,CONCACAF,2002-05-15,2002
27,Nigeria,NGA,644.0,CAF,2002-05-15,2002
28,Russia,RUS,644.0,UEFA,2002-05-15,2002
29,Costa Rica,CRC,643.0,CONCACAF,2002-05-15,2002
30,IR Iran,IRN,635.0,AFC,2002-05-15,2002
31,Tunisia,TUN,635.0,CAF,2002-05-15,2002
32,Japan,JPN,634.0,AFC,2002-05-15,2002
33,Norway,NOR,631.0,UEFA,2002-05-15,2002
34,Saudi Arabia,KSA,627.0,AFC,2002-05-15,2002
35,Trinidad and Tobago,TRI,624.0,CONCACAF,2002-05-15,2002
36,Ecuador,ECU,624.0,CONMEBOL,2002-05-15,2002
37,South Africa,RSA,623.0,CAF,2002-05-15,2002
38,Poland,POL,615.0,UEFA,2002-05-15,2002
39,Morocco,MAR,612.0,CAF,2002-05-15,2002
40,Korea Republic,KOR,603.0,AFC,2002-05-15,2002
41,Finland,FIN,600.0,UEFA,2002-05-15,2002
42,Senegal,SEN,599.0,CAF,2002-05-15,2002
43,Egypt,EGY,598.0,CAF,2002-05-15,2002
44,Ukraine,UKR,593.0,UEFA,2002-05-15,2002
45,Chile,CHI,590.0,CONMEBOL,2002-05-15,2002
46,Cote d'Ivoire,CIV,580.0,CAF,2002-05-15,2002
47,Peru,PER,578.0,CONMEBOL,2002-05-15,2002
48,Australia,AUS,575.0,AFC,2002-05-15,2002
49,Slovakia,SVK,574.0,UEFA,2002-05-15,2002
50,China PR,CHN,566.0,AFC,2002-05-15,2002
51,Israel,ISR,563.0,UEFA,2002-05-15,2002
52,Ghana,GHA,558.0,CAF,2002-05-15,2002
53,Greece,GRE,558.0,UEFA,2002-05-15,2002
54,Bulgaria,BUL,557.0,UEFA,2002-05-15,2002
55,Scotland,SCO,557.0,UEFA,2002-05-15,2002
56,Iceland,ISL,553.0,UEFA,2002-05-15,2002
57,Jamaica,JAM,549.0,CONCACAF,2002-05-15,2002
58,Angola,ANG,545.0,CAF,2002-05-15,2002
59,Georgia,GEO,545.0,UEFA,2002-05-15,2002
60,Thailand,THA,544.0,AFC,2002-05-15,2002
61,Austria,AUT,543.0,UEFA,2002-05-15,2002
62,Guatemala,GUA,538.0,CONCACAF,2002-05-15,2002
63,United Arab Emirates,UAE,536.0,AFC,2002-05-15,2002
64,Switzerland,SUI,531.0,UEFA,2002-05-15,2002
65,Zambia,ZAM,530.0,CAF,2002-05-15,2002
66,Zimbabwe,ZIM,527.0,CAF,2002-05-15,2002
67,Uzbekistan,UZB,523.0,AFC,2002-05-15,2002
68,Hungary,HUN,523.0,UEFA,2002-05-15,2002
69,Togo,TOG,518.0,CAF,2002-05-15,2002
70,Bolivia,BOL,512.0,CONMEBOL,2002-05-15,2002
71,Iraq,IRQ,509.0,AFC,2002-05-15,2002
72,Bosnia and Herzegovina,BIH,508.0,UEFA,2002-05-15,2002
73,Qatar,QAT,507.0,AFC,2002-05-15,2002
74,Congo DR,COD,505.0,CAF,2002-05-15,2002
75,Canada,CAN,504.0,CONCACAF,2002-05-15,2002
76,Liberia,LBR,500.0,CAF,2002-05-15,2002
77,Kuwait,KUW,500.0,AFC,2002-05-15,2002
78,Cuba,CUB,498.0,CONCACAF,2002-05-15,2002
79,Algeria,ALG,497.0,CAF,2002-05-15,2002
80,Burkina Faso,BFA,497.0,CAF,2002-05-15,2002
81,Haiti,HAI,496.0,CONCACAF,2002-05-15,2002
82,Cyprus,CYP,492.0,UEFA,2002-05-15,2002
83,Venezuela,VEN,488.0,CONMEBOL,2002-05-15,2002
84,El Salvador,SLV,480.0,CONCACAF,2002-05-15,2002
85,Mali,MLI,471.0,CAF,2002-05-15,2002
86,Estonia,EST,471.0,UEFA,2002-05-15,2002
87,New Zealand,NZL,471.0,OFC,2002-05-15,2002
88,Belarus,BLR,463.0,UEFA,2002-05-15,2002
89,North Macedonia,MKD,462.0,UEFA,2002-05-15,2002
90,Northern Ireland,NIR,455.0,UEFA,2002-05-15,2002
91,Oman,OMA,454.0,AFC,2002-05-15,2002
92,Indonesia,IDN,453.0,AFC,2002-05-15,2002
93,Syria,SYR,449.0,AFC,2002-05-15,2002
94,Lebanon,LBN,445.0,AFC,2002-05-15,2002
95,Albania,ALB,442.0,UEFA,2002-05-15,2002
96,Wales,WAL,440.0,UEFA,2002-05-15,2002
97,Congo,CGO,439.0,CAF,2002-05-15,2002
98,Lithuania,LTU,436.0,UEFA,2002-05-15,2002
99,Latvia,LVA,435.0,UEFA,2002-05-15,2002
100,Jordan,JOR,434.0,AFC,2002-05-15,2002
101,Armenia,ARM,433.0,UEFA,2002-05-15,2002
102,Kazakhstan,KAZ,429.0,UEFA,2002-05-15,2002
103,Moldova,MDA,425.0,UEFA,2002-05-15,2002
104,Gabon,GAB,422.0,CAF,2002-05-15,2002
105,Namibia,NAM,422.0,CAF,2002-05-15,2002
106,Kenya,KEN,418.0,CAF,2002-05-15,2002
107,Vietnam,VIE,417.0,AFC,2002-05-15,2002
108,Bahrain,BHR,409.0,AFC,2002-05-15,2002
109,Barbados,BRB,407.0,CONCACAF,2002-05-15,2002
110,Guinea,GUI,399.0,CAF,2002-05-15,2002
111,Panama,PAN,388.0,CONCACAF,2002-05-15,2002
112,Malaysia,MAS,384.0,AFC,2002-05-15,2002
113,Singapore,SGP,381.0,AFC,2002-05-15,2002
114,Turkmenistan,TKM,377.0,AFC,2002-05-15,2002
115,Azerbaijan,AZE,377.0,UEFA,2002-05-15,2002
116,Libya,LBY,374.0,CAF,2002-05-15,2002
117,Madagascar,MAD,366.0,CAF,2002-05-15,2002
118,Malta,MLT,366.0,UEFA,2002-05-15,2002
119,Faroe Islands,FRO,365.0,UEFA,2002-05-15,2002
120,Uganda,UGA,364.0,CAF,2002-05-15,2002
121,Sudan,SDN,360.0,CAF,2002-05-15,2002
122,Malawi,MWI,353.0,CAF,2002-05-15,2002
123,India,IND,350.0,AFC,2002-05-15,2002
124,Eswatini,SWZ,349.0,CAF,2002-05-15,2002
125,Fiji,FIJ,340.0,OFC,2002-05-15,2002
126,Korea DPR,PRK,339.0,AFC,2002-05-15,2002
127,Mauritius,MRI,335.0,CAF,2002-05-15,2002
128,Tahiti,TAH,332.0,OFC,2002-05-15,2002
129,Mozambique,MOZ,330.0,CAF,2002-05-15,2002
130,Burundi,BDI,328.0,CAF,2002-05-15,2002
131,St. Vincent and the Grenadines,VIN,327.0,CONCACAF,2002-05-15,2002
132,St. Kitts and Nevis,SKN,320.0,CONCACAF,2002-05-15,2002
133,Rwanda,RWA,319.0,CAF,2002-05-15,2002
134,Ethiopia,ETH,318.0,CAF,2002-05-15,2002
135,St. Lucia,LCA,318.0,CONCACAF,2002-05-15,2002
136,Lesotho,LES,313.0,CAF,2002-05-15,2002
137,Solomon Islands,SOL,305.0,OFC,2002-05-15,2002
138,Grenada,GRN,305.0,CONCACAF,2002-05-15,2002
139,Botswana,BOT,303.0,CAF,2002-05-15,2002
140,Yemen,YEM,297.0,AFC,2002-05-15,2002
141,Andorra,AND,286.0,UEFA,2002-05-15,2002
142,Sri Lanka,SRI,281.0,AFC,2002-05-15,2002
143,Hong Kong,HKG,280.0,AFC,2002-05-15,2002
144,Sierra Leone,SLE,279.0,CAF,2002-05-15,2002
145,Luxembourg,LUX,266.0,UEFA,2002-05-15,2002
146,Suriname,SUR,260.0,CONCACAF,2002-05-15,2002
147,Palestine,PLE,247.0,AFC,2002-05-15,2002
148,Maldives,MDV,245.0,AFC,2002-05-15,2002
149,Bangladesh,BAN,241.0,AFC,2002-05-15,2002
150,Liechtenstein,LIE,241.0,UEFA,2002-05-15,2002
151,Benin,BEN,239.0,CAF,2002-05-15,2002
152,Tanzania,TAN,237.0,CAF,2002-05-15,2002
153,Myanmar,MYA,229.0,AFC,2002-05-15,2002
154,Gambia,GAM,227.0,CAF,2002-05-15,2002
155,Tajikistan,TJK,221.0,AFC,2002-05-15,2002
156,Nepal,NEP,214.0,AFC,2002-05-15,2002
157,Belize,BLZ,211.0,CONCACAF,2002-05-15,2002
158,Antigua and Barbuda,ATG,211.0,CONCACAF,2002-05-15,2002
159,San Marino,SMR,204.0,UEFA,2002-05-15,2002
160,Cape Verde,CPV,202.0,CAF,2002-05-15,2002
161,Dominican Republic,DOM,198.0,CONCACAF,2002-05-15,2002
162,British Virgin Islands,VGB,197.0,CONCACAF,2002-05-15,2002
163,Dominica,DMA,197.0,CONCACAF,2002-05-15,2002
164,Laos,LAO,196.0,AFC,2002-05-15,2002
165,Samoa,SAM,195.0,OFC,2002-05-15,2002
166,Kyrgyz Republic,KGZ,195.0,AFC,2002-05-15,2002
167,Cayman Islands,CAY,188.0,CONCACAF,2002-05-15,2002
168,Bermuda,BER,187.0,CONCACAF,2002-05-15,2002
169,Eritrea,ERI,182.0,CAF,2002-05-15,2002
170,Vanuatu,VAN,180.0,OFC,2002-05-15,2002
171,Cambodia,CAM,175.0,AFC,2002-05-15,2002
172,Chinese Taipei,TPE,170.0,AFC,2002-05-15,2002
173,Tonga,TGA,157.0,OFC,2002-05-15,2002
174,Guinea-Bissau,GNB,147.0,CAF,2002-05-15,2002
175,Philippines,PHI,145.0,AFC,2002-05-15,2002
176,Chad,CHA,144.0,CAF,2002-05-15,2002
177,Guyana,GUY,143.0,CONCACAF,2002-05-15,2002
178,Mauritania,MTN,140.0,CAF,2002-05-15,2002
179,Cook Islands,COK,139.0,OFC,2002-05-15,2002
180,Papua New Guinea,PNG,130.0,OFC,2002-05-15,2002
181,Pakistan,PAK,130.0,AFC,2002-05-15,2002
182,Macau,MAC,109.0,AFC,2002-05-15,2002
183,Central African Republic,CTA,106.0,CAF,2002-05-15,2002
184,Bahamas,BAH,103.0,CONCACAF,2002-05-15,2002
186,Aruba,ARU,99.0,CONCACAF,2002-05-15,2002
187,Sao Tome e Principe,STP,97.0,CAF,2002-05-15,2002
188,Mongolia,MNG,92.0,AFC,2002-05-15,2002
189,Nicaragua,NCA,88.0,CONCACAF,2002-05-15,2002
190,Brunei Darussalam,BRU,83.0,AFC,2002-05-15,2002
191,Equatorial Guinea,EQG,76.0,CAF,2002-05-15,2002
192,Djibouti,DJI,73.0,CAF,2002-05-15,2002
193,Niger,NIG,68.0,CAF,2002-05-15,2002
194,Seychelles,SEY,67.0,CAF,2002-05-15,2002
195,Somalia,SOM,66.0,CAF,2002-05-15,2002
196,Anguilla,AIA,63.0,CONCACAF,2002-05-15,2002
197,Puerto Rico,PUR,53.0,CONCACAF,2002-05-15,2002
198,US Virgin Islands,VIR,46.0,CONCACAF,2002-05-15,2002
199,Guam,GUM,24.0,AFC,2002-05-15,2002
200,Turks and Caicos Islands,TCA,19.0,CONCACAF,2002-05-15,2002
201,American Samoa,ASA,19.0,OFC,2002-05-15,2002
202,Bhutan,BHU,13.0,AFC,2002-05-15,2002
203,Montserrat,MSR,9.0,CONCACAF,2002-05-15,2002
1,Brazil,BRA,827.0,CONMEBOL,2006-05-17,2006
2,Czech Republic,CZE,772.0,UEFA,2006-05-17,2006
3,Netherlands,NED,768.0,UEFA,2006-05-17,2006
4,Mexico,MEX,758.0,CONCACAF,2006-05-17,2006
5,Spain,ESP,756.0,UEFA,2006-05-17,2006
5,USA,USA,756.0,CONCACAF,2006-05-17,2006
7,Portugal,POR,750.0,UEFA,2006-05-17,2006
8,France,FRA,749.0,UEFA,2006-05-17,2006
9,Argentina,ARG,746.0,CONMEBOL,2006-05-17,2006
10,England,ENG,741.0,UEFA,2006-05-17,2006
11,Denmark,DEN,736.0,UEFA,2006-05-17,2006
11,Nigeria,NGA,736.0,CAF,2006-05-17,2006
13,Italy,ITA,728.0,UEFA,2006-05-17,2006
14,Turkiye,TUR,726.0,UEFA,2006-05-17,2006
15,Cameroon,CMR,722.0,CAF,2006-05-17,2006
16,Sweden,SWE,709.0,UEFA,2006-05-17,2006
17,Egypt,EGY,708.0,CAF,2006-05-17,2006
18,Japan,JPN,705.0,AFC,2006-05-17,2006
19,Germany,GER,696.0,UEFA,2006-05-17,2006
20,Greece,GRE,694.0,UEFA,2006-05-17,2006
21,Tunisia,TUN,693.0,CAF,2006-05-17,2006
22,Uruguay,URU,689.0,CONMEBOL,2006-05-17,2006
23,Croatia,CRO,686.0,UEFA,2006-05-17,2006
23,IR Iran,IRN,686.0,AFC,2006-05-17,2006
25,Romania,ROU,685.0,UEFA,2006-05-17,2006
26,Costa Rica,CRC,683.0,CONCACAF,2006-05-17,2006
27,Colombia,COL,681.0,CONMEBOL,2006-05-17,2006
28,Senegal,SEN,679.0,CAF,2006-05-17,2006
29,Poland,POL,677.0,UEFA,2006-05-17,2006
29,Korea Republic,KOR,677.0,AFC,2006-05-17,2006
31,Republic of Ireland,IRL,671.0,UEFA,2006-05-17,2006
32,Cote d'Ivoire,CIV,669.0,CAF,2006-05-17,2006
33,Paraguay,PAR,653.0,CONMEBOL,2006-05-17,2006
34,Saudi Arabia,KSA,651.0,AFC,2006-05-17,2006
35,Switzerland,SUI,648.0,UEFA,2006-05-17,2006
36,Morocco,MAR,646.0,CAF,2006-05-17,2006
37,Bulgaria,BUL,645.0,UEFA,2006-05-17,2006
37,Russia,RUS,645.0,UEFA,2006-05-17,2006
39,Ecuador,ECU,631.0,CONMEBOL,2006-05-17,2006
40,Norway,NOR,627.0,UEFA,2006-05-17,2006
41,Slovakia,SVK,613.0,UEFA,2006-05-17,2006
42,Honduras,HON,612.0,CONCACAF,2006-05-17,2006
42,Australia,AUS,612.0,AFC,2006-05-17,2006
44,Serbia and Montenegro,SCG,610.0,UEFA,2006-05-17,2006
45,Ukraine,UKR,609.0,UEFA,2006-05-17,2006
46,Jamaica,JAM,607.0,CONCACAF,2006-05-17,2006
47,Trinidad and Tobago,TRI,604.0,CONCACAF,2006-05-17,2006
48,Ghana,GHA,600.0,CAF,2006-05-17,2006
49,Israel,ISR,599.0,UEFA,2006-05-17,2006
49,Finland,FIN,599.0,UEFA,2006-05-17,2006
51,Guinea,GUI,597.0,CAF,2006-05-17,2006
52,Iraq,IRQ,595.0,AFC,2006-05-17,2006
53,South Africa,RSA,593.0,CAF,2006-05-17,2006
54,Bahrain,BHR,588.0,AFC,2006-05-17,2006
55,Zimbabwe,ZIM,586.0,CAF,2006-05-17,2006
56,Belgium,BEL,582.0,UEFA,2006-05-17,2006
57,Angola,ANG,581.0,CAF,2006-05-17,2006
57,Zambia,ZAM,581.0,CAF,2006-05-17,2006
59,Scotland,SCO,576.0,UEFA,2006-05-17,2006
60,Uzbekistan,UZB,571.0,AFC,2006-05-17,2006
61,Togo,TOG,569.0,CAF,2006-05-17,2006
62,Guatemala,GUA,565.0,CONCACAF,2006-05-17,2006
63,Bosnia and Herzegovina,BIH,561.0,UEFA,2006-05-17,2006
64,Chile,CHI,557.0,CONMEBOL,2006-05-17,2006
65,Belarus,BLR,553.0,UEFA,2006-05-17,2006
66,Peru,PER,550.0,CONMEBOL,2006-05-17,2006
66,Mali,MLI,550.0,CAF,2006-05-17,2006
68,China PR,CHN,545.0,AFC,2006-05-17,2006
69,Congo DR,COD,544.0,CAF,2006-05-17,2006
70,Latvia,LVA,541.0,UEFA,2006-05-17,2006
71,Slovenia,SVN,539.0,UEFA,2006-05-17,2006
71,Venezuela,VEN,539.0,CONMEBOL,2006-05-17,2006
71,United Arab Emirates,UAE,539.0,AFC,2006-05-17,2006
74,Kuwait,KUW,538.0,AFC,2006-05-17,2006
74,Wales,WAL,538.0,UEFA,2006-05-17,2006
76,Hungary,HUN,535.0,UEFA,2006-05-17,2006
77,Estonia,EST,534.0,UEFA,2006-05-17,2006
78,Qatar,QAT,533.0,AFC,2006-05-17,2006
79,Austria,AUT,531.0,UEFA,2006-05-17,2006
80,Cuba,CUB,527.0,CONCACAF,2006-05-17,2006
81,Panama,PAN,523.0,CONCACAF,2006-05-17,2006
82,Oman,OMA,519.0,AFC,2006-05-17,2006
83,Canada,CAN,515.0,CONCACAF,2006-05-17,2006
84,Jordan,JOR,513.0,AFC,2006-05-17,2006
85,Albania,ALB,512.0,UEFA,2006-05-17,2006
86,Libya,LBY,511.0,CAF,2006-05-17,2006
87,Algeria,ALG,505.0,CAF,2006-05-17,2006
88,Korea DPR,PRK,503.0,AFC,2006-05-17,2006
89,Burkina Faso,BFA,500.0,CAF,2006-05-17,2006
90,Syria,SYR,496.0,AFC,2006-05-17,2006
91,North Macedonia,MKD,489.0,UEFA,2006-05-17,2006
92,Singapore,SGP,482.0,AFC,2006-05-17,2006
93,Lithuania,LTU,481.0,UEFA,2006-05-17,2006
94,Rwanda,RWA,476.0,CAF,2006-05-17,2006
95,Kenya,KEN,471.0,CAF,2006-05-17,2006
96,Northern Ireland,NIR,469.0,UEFA,2006-05-17,2006
97,Uganda,UGA,468.0,CAF,2006-05-17,2006
97,Sudan,SDN,468.0,CAF,2006-05-17,2006
99,Iceland,ISL,463.0,UEFA,2006-05-17,2006
100,Cyprus,CYP,462.0,UEFA,2006-05-17,2006
101,Georgia,GEO,459.0,UEFA,2006-05-17,2006
102,Bolivia,BOL,456.0,CONMEBOL,2006-05-17,2006
103,Botswana,BOT,454.0,CAF,2006-05-17,2006
104,Moldova,MDA,452.0,UEFA,2006-05-17,2006
105,Gabon,GAB,448.0,CAF,2006-05-17,2006
106,Haiti,HAI,447.0,CONCACAF,2006-05-17,2006
107,Malawi,MWI,436.0,CAF,2006-05-17,2006
108,Thailand,THA,435.0,AFC,2006-05-17,2006
109,Armenia,ARM,416.0,UEFA,2006-05-17,2006
110,Indonesia,IDN,402.0,AFC,2006-05-17,2006
111,Congo,CGO,397.0,CAF,2006-05-17,2006
112,Azerbaijan,AZE,392.0,UEFA,2006-05-17,2006
112,Ethiopia,ETH,392.0,CAF,2006-05-17,2006
114,Benin,BEN,387.0,CAF,2006-05-17,2006
115,Palestine,PLE,384.0,AFC,2006-05-17,2006
116,Hong Kong,HKG,381.0,AFC,2006-05-17,2006
117,India,IND,378.0,AFC,2006-05-17,2006
118,New Zealand,NZL,376.0,OFC,2006-05-17,2006
119,Barbados,BRB,372.0,CONCACAF,2006-05-17,2006
120,Turkmenistan,TKM,371.0,AFC,2006-05-17,2006
121,Tajikistan,TJK,369.0,AFC,2006-05-17,2006
122,Lebanon,LBN,368.0,AFC,2006-05-17,2006
123,Cape Verde,CPV,360.0,CAF,2006-05-17,2006
123,Liechtenstein,LIE,360.0,UEFA,2006-05-17,2006
125,Malta,MLT,359.0,UEFA,2006-05-17,2006
126,Vietnam,VIE,353.0,AFC,2006-05-17,2006
127,Malaysia,MAS,346.0,AFC,2006-05-17,2006
127,Mozambique,MOZ,346.0,CAF,2006-05-17,2006
129,El Salvador,SLV,343.0,CONCACAF,2006-05-17,2006
129,Andorra,AND,343.0,UEFA,2006-05-17,2006
131,St. Lucia,LCA,331.0,CONCACAF,2006-05-17,2006
132,Yemen,YEM,327.0,AFC,2006-05-17,2006
133,St. Vincent and the Grenadines,VIN,325.0,CONCACAF,2006-05-17,2006
133,St. Kitts and Nevis,SKN,325.0,CONCACAF,2006-05-17,2006
135,Kazakhstan,KAZ,319.0,UEFA,2006-05-17,2006
136,Sri Lanka,SRI,318.0,AFC,2006-05-17,2006
137,Maldives,MDV,315.0,AFC,2006-05-17,2006
138,Eswatini,SWZ,314.0,CAF,2006-05-17,2006
139,Faroe Islands,FRO,313.0,UEFA,2006-05-17,2006
140,Bangladesh,BAN,307.0,AFC,2006-05-17,2006
141,Lesotho,LES,306.0,CAF,2006-05-17,2006
142,Fiji,FIJ,305.0,OFC,2006-05-17,2006
143,Liberia,LBR,304.0,CAF,2006-05-17,2006
144,Solomon Islands,SOL,293.0,OFC,2006-05-17,2006
145,Tahiti,TAH,287.0,OFC,2006-05-17,2006
146,Mauritius,MRI,274.0,CAF,2006-05-17,2006
147,Kyrgyz Republic,KGZ,273.0,AFC,2006-05-17,2006
148,Vanuatu,VAN,257.0,OFC,2006-05-17,2006
149,Myanmar,MYA,255.0,AFC,2006-05-17,2006
150,Burundi,BDI,254.0,CAF,2006-05-17,2006
151,Madagascar,MAD,252.0,CAF,2006-05-17,2006
152,Luxembourg,LUX,248.0,UEFA,2006-05-17,2006
153,Pakistan,PAK,247.0,AFC,2006-05-17,2006
154,Equatorial Guinea,EQG,244.0,CAF,2006-05-17,2006
155,Grenada,GRN,240.0,CONCACAF,2006-05-17,2006
156,Chinese Taipei,TPE,239.0,AFC,2006-05-17,2006
157,Nicaragua,NCA,237.0,CONCACAF,2006-05-17,2006
158,Suriname,SUR,235.0,CONCACAF,2006-05-17,2006
159,Chad,CHA,234.0,CAF,2006-05-17,2006
160,Antigua and Barbuda,ATG,233.0,CONCACAF,2006-05-17,2006
161,San Marino,SMR,229.0,UEFA,2006-05-17,2006
162,Bermuda,BER,211.0,CONCACAF,2006-05-17,2006
162,Guyana,GUY,211.0,CONCACAF,2006-05-17,2006
164,Namibia,NAM,209.0,CAF,2006-05-17,2006
165,Sierra Leone,SLE,207.0,CAF,2006-05-17,2006
166,Gambia,GAM,198.0,CAF,2006-05-17,2006
167,Tanzania,TAN,193.0,CAF,2006-05-17,2006
168,Papua New Guinea,PNG,185.0,OFC,2006-05-17,2006
169,Nepal,NEP,184.0,AFC,2006-05-17,2006
171,Eritrea,ERI,174.0,CAF,2006-05-17,2006
172,Laos,LAO,173.0,AFC,2006-05-17,2006
173,British Virgin Islands,VGB,169.0,CONCACAF,2006-05-17,2006
174,Dominica,DMA,164.0,CONCACAF,2006-05-17,2006
175,Dominican Republic,DOM,151.0,CONCACAF,2006-05-17,2006
176,Seychelles,SEY,147.0,CAF,2006-05-17,2006
177,Niger,NIG,138.0,CAF,2006-05-17,2006
178,Mauritania,MTN,134.0,CAF,2006-05-17,2006
179,Mongolia,MNG,133.0,AFC,2006-05-17,2006
180,Belize,BLZ,129.0,CONCACAF,2006-05-17,2006
181,Central African Republic,CTA,128.0,CAF,2006-05-17,2006
182,Cayman Islands,CAY,127.0,CONCACAF,2006-05-17,2006
183,Samoa,SAM,125.0,OFC,2006-05-17,2006
184,Cambodia,CAM,112.0,AFC,2006-05-17,2006
185,Somalia,SOM,110.0,CAF,2006-05-17,2006
186,Guinea-Bissau,GNB,107.0,CAF,2006-05-17,2006
187,Tonga,TGA,105.0,OFC,2006-05-17,2006
188,New Caledonia,NCL,102.0,OFC,2006-05-17,2006
188,Afghanistan,AFG,102.0,AFC,2006-05-17,2006
190,Bhutan,BHU,88.0,AFC,2006-05-17,2006
191,Philippines,PHI,84.0,AFC,2006-05-17,2006
192,Macau,MAC,83.0,AFC,2006-05-17,2006
193,Brunei Darussalam,BRU,73.0,AFC,2006-05-17,2006
194,Bahamas,BAH,64.0,CONCACAF,2006-05-17,2006
195,Cook Islands,COK,61.0,OFC,2006-05-17,2006
196,Puerto Rico,PUR,60.0,CONCACAF,2006-05-17,2006
197,US Virgin Islands,VIR,55.0,CONCACAF,2006-05-17,2006
198,Sao Tome e Principe,STP,52.0,CAF,2006-05-17,2006
199,Anguilla,AIA,50.0,CONCACAF,2006-05-17,2006
200,Djibouti,DJI,45.0,CAF,2006-05-17,2006
201,Aruba,ARU,44.0,CONCACAF,2006-05-17,2006
202,Montserrat,MSR,29.0,CONCACAF,2006-05-17,2006
203,Guam,GUM,22.0,AFC,2006-05-17,2006
204,Turks and Caicos Islands,TCA,21.0,CONCACAF,2006-05-17,2006
205,American Samoa,ASA,14.0,OFC,2006-05-17,2006
1,Brazil,BRA,1611.0,CONMEBOL,2010-05-26,2010
2,Spain,ESP,1565.0,UEFA,2010-05-26,2010
3,Portugal,POR,1249.0,UEFA,2010-05-26,2010
4,Netherlands,NED,1231.0,UEFA,2010-05-26,2010
5,Italy,ITA,1184.0,UEFA,2010-05-26,2010
6,Germany,GER,1082.0,UEFA,2010-05-26,2010
7,Argentina,ARG,1076.0,CONMEBOL,2010-05-26,2010
8,England,ENG,1068.0,UEFA,2010-05-26,2010
9,France,FRA,1044.0,UEFA,2010-05-26,2010
10,Croatia,CRO,1041.0,UEFA,2010-05-26,2010
11,Russia,RUS,1015.0,UEFA,2010-05-26,2010
12,Egypt,EGY,967.0,CAF,2010-05-26,2010
13,Greece,GRE,964.0,UEFA,2010-05-26,2010
14,USA,USA,957.0,CONCACAF,2010-05-26,2010
15,Serbia,SRB,947.0,UEFA,2010-05-26,2010
16,Uruguay,URU,899.0,CONMEBOL,2010-05-26,2010
17,Mexico,MEX,895.0,CONCACAF,2010-05-26,2010
18,Chile,CHI,888.0,CONMEBOL,2010-05-26,2010
19,Cameroon,CMR,887.0,CAF,2010-05-26,2010
20,Australia,AUS,886.0,AFC,2010-05-26,2010
21,Nigeria,NGA,883.0,CAF,2010-05-26,2010
22,Norway,NOR,882.0,UEFA,2010-05-26,2010
23,Ukraine,UKR,875.0,UEFA,2010-05-26,2010
24,Switzerland,SUI,866.0,UEFA,2010-05-26,2010
25,Slovenia,SVN,860.0,UEFA,2010-05-26,2010
26,Israel,ISR,857.0,UEFA,2010-05-26,2010
27,Cote d'Ivoire,CIV,856.0,CAF,2010-05-26,2010
28,Romania,ROU,853.0,UEFA,2010-05-26,2010
29,Turkiye,TUR,830.0,UEFA,2010-05-26,2010
30,Algeria,ALG,821.0,CAF,2010-05-26,2010
31,Paraguay,PAR,820.0,CONMEBOL,2010-05-26,2010
32,Ghana,GHA,800.0,CAF,2010-05-26,2010
33,Czech Republic,CZE,793.0,UEFA,2010-05-26,2010
34,Slovakia,SVK,777.0,UEFA,2010-05-26,2010
35,Colombia,COL,776.0,CONMEBOL,2010-05-26,2010
36,Denmark,DEN,767.0,UEFA,2010-05-26,2010
37,Sweden,SWE,761.0,UEFA,2010-05-26,2010
38,Honduras,HON,734.0,CONCACAF,2010-05-26,2010
39,Bulgaria,BUL,711.0,UEFA,2010-05-26,2010
40,Costa Rica,CRC,710.0,CONCACAF,2010-05-26,2010
41,Republic of Ireland,IRL,709.0,UEFA,2010-05-26,2010
42,Gabon,GAB,700.0,CAF,2010-05-26,2010
43,Scotland,SCO,699.0,UEFA,2010-05-26,2010
44,Ecuador,ECU,694.0,CONMEBOL,2010-05-26,2010
45,Japan,JPN,682.0,AFC,2010-05-26,2010
46,Latvia,LVA,652.0,UEFA,2010-05-26,2010
47,Korea Republic,KOR,632.0,AFC,2010-05-26,2010
48,Burkina Faso,BFA,611.0,CAF,2010-05-26,2010
49,Venezuela,VEN,608.0,CONMEBOL,2010-05-26,2010
49,Lithuania,LTU,608.0,UEFA,2010-05-26,2010
51,Bosnia and Herzegovina,BIH,604.0,UEFA,2010-05-26,2010
52,Finland,FIN,584.0,UEFA,2010-05-26,2010
53,Peru,PER,578.0,CONMEBOL,2010-05-26,2010
54,Mali,MLI,575.0,CAF,2010-05-26,2010
55,Tunisia,TUN,574.0,CAF,2010-05-26,2010
56,Northern Ireland,NIR,566.0,UEFA,2010-05-26,2010
57,Hungary,HUN,565.0,UEFA,2010-05-26,2010
58,Poland,POL,561.0,UEFA,2010-05-26,2010
59,Belgium,BEL,541.0,UEFA,2010-05-26,2010
60,Benin,BEN,531.0,CAF,2010-05-26,2010
61,IR Iran,IRN,521.0,AFC,2010-05-26,2010
61,North Macedonia,MKD,521.0,UEFA,2010-05-26,2010
63,Canada,CAN,516.0,CONCACAF,2010-05-26,2010
64,Montenegro,MNE,500.0,UEFA,2010-05-26,2010
65,Bolivia,BOL,499.0,CONMEBOL,2010-05-26,2010
66,Saudi Arabia,KSA,498.0,AFC,2010-05-26,2010
67,Cyprus,CYP,486.0,UEFA,2010-05-26,2010
68,Austria,AUT,479.0,UEFA,2010-05-26,2010
69,Bahrain,BHR,475.0,AFC,2010-05-26,2010
70,Morocco,MAR,463.0,CAF,2010-05-26,2010
71,Zambia,ZAM,456.0,CAF,2010-05-26,2010
72,El Salvador,SLV,452.0,CONCACAF,2010-05-26,2010
73,Uganda,UGA,440.0,CAF,2010-05-26,2010
74,Panama,PAN,434.0,CONCACAF,2010-05-26,2010
75,Senegal,SEN,422.0,CAF,2010-05-26,2010
76,Togo,TOG,418.0,CAF,2010-05-26,2010
77,Wales,WAL,415.0,UEFA,2010-05-26,2010
78,New Zealand,NZL,410.0,OFC,2010-05-26,2010
79,Albania,ALB,406.0,UEFA,2010-05-26,2010
80,Iraq,IRQ,405.0,AFC,2010-05-26,2010
81,Jamaica,JAM,399.0,CONCACAF,2010-05-26,2010
82,Belarus,BLR,397.0,UEFA,2010-05-26,2010
83,South Africa,RSA,392.0,CAF,2010-05-26,2010
84,China PR,CHN,387.0,AFC,2010-05-26,2010
85,Mozambique,MOZ,383.0,CAF,2010-05-26,2010
86,Malawi,MWI,382.0,CAF,2010-05-26,2010
87,Guinea,GUI,381.0,CAF,2010-05-26,2010
88,Angola,ANG,379.0,CAF,2010-05-26,2010
89,Moldova,MDA,378.0,UEFA,2010-05-26,2010
90,Iceland,ISL,367.0,UEFA,2010-05-26,2010
91,Oman,OMA,362.0,AFC,2010-05-26,2010
91,Haiti,HAI,362.0,CONCACAF,2010-05-26,2010
93,Gambia,GAM,361.0,CAF,2010-05-26,2010
94,Uzbekistan,UZB,354.0,AFC,2010-05-26,2010
95,Trinidad and Tobago,TRI,353.0,CONCACAF,2010-05-26,2010
96,Qatar,QAT,351.0,AFC,2010-05-26,2010
97,Kuwait,KUW,350.0,AFC,2010-05-26,2010
98,Syria,SYR,343.0,AFC,2010-05-26,2010
99,Estonia,EST,320.0,UEFA,2010-05-26,2010
100,Armenia,ARM,311.0,UEFA,2010-05-26,2010
101,United Arab Emirates,UAE,310.0,AFC,2010-05-26,2010
102,Libya,LBY,309.0,CAF,2010-05-26,2010
103,Congo,CGO,308.0,CAF,2010-05-26,2010
104,Jordan,JOR,300.0,AFC,2010-05-26,2010
105,Korea DPR,PRK,285.0,AFC,2010-05-26,2010
106,Thailand,THA,276.0,AFC,2010-05-26,2010
107,Rwanda,RWA,269.0,CAF,2010-05-26,2010
108,Tanzania,TAN,261.0,CAF,2010-05-26,2010
109,Azerbaijan,AZE,259.0,UEFA,2010-05-26,2010
110,Zimbabwe,ZIM,258.0,CAF,2010-05-26,2010
111,Namibia,NAM,251.0,CAF,2010-05-26,2010
112,Yemen,YEM,248.0,AFC,2010-05-26,2010
113,Kenya,KEN,243.0,CAF,2010-05-26,2010
114,Guatemala,GUA,241.0,CONCACAF,2010-05-26,2010
114,Cape Verde,CPV,241.0,CAF,2010-05-26,2010
116,Botswana,BOT,236.0,CAF,2010-05-26,2010
117,Vietnam,VIE,231.0,AFC,2010-05-26,2010
118,Sudan,SDN,219.0,CAF,2010-05-26,2010
119,Antigua and Barbuda,ATG,218.0,CONCACAF,2010-05-26,2010
120,Georgia,GEO,217.0,UEFA,2010-05-26,2010
121,Congo DR,COD,215.0,CAF,2010-05-26,2010
122,Guyana,GUY,205.0,CONCACAF,2010-05-26,2010
123,Ethiopia,ETH,200.0,CAF,2010-05-26,2010
124,Grenada,GRN,198.0,CONCACAF,2010-05-26,2010
125,Faroe Islands,FRO,196.0,UEFA,2010-05-26,2010
126,Cuba,CUB,194.0,CONCACAF,2010-05-26,2010
127,Singapore,SGP,193.0,AFC,2010-05-26,2010
127,Luxembourg,LUX,193.0,UEFA,2010-05-26,2010
129,Kazakhstan,KAZ,183.0,UEFA,2010-05-26,2010
130,Sierra Leone,SLE,181.0,CAF,2010-05-26,2010
131,Swaziland,SWZ,171.0,CAF,2010-05-26,2010
132,Fiji,FIJ,167.0,OFC,2010-05-26,2010
133,India,IND,163.0,AFC,2010-05-26,2010
134,Bermuda,BER,160.0,CONCACAF,2010-05-26,2010
135,Tajikistan,TJK,155.0,AFC,2010-05-26,2010
135,Barbados,BRB,155.0,CONCACAF,2010-05-26,2010
137,Indonesia,IDN,153.0,AFC,2010-05-26,2010
137,Suriname,SUR,153.0,CONCACAF,2010-05-26,2010
139,Turkmenistan,TKM,151.0,AFC,2010-05-26,2010
140,Hong Kong,HKG,150.0,AFC,2010-05-26,2010
141,Equatorial Guinea,EQG,142.0,CAF,2010-05-26,2010
142,Maldives,MDV,129.0,AFC,2010-05-26,2010
143,Chad,CHA,128.0,CAF,2010-05-26,2010
144,Burundi,BDI,127.0,CAF,2010-05-26,2010
145,New Caledonia,NCL,126.0,OFC,2010-05-26,2010
146,Malaysia,MAS,123.0,AFC,2010-05-26,2010
147,Myanmar,MYA,122.0,AFC,2010-05-26,2010
148,Madagascar,MAD,121.0,CAF,2010-05-26,2010
149,Liechtenstein,LIE,117.0,UEFA,2010-05-26,2010
150,Liberia,LBR,114.0,CAF,2010-05-26,2010
151,St. Kitts and Nevis,SKN,113.0,CONCACAF,2010-05-26,2010
152,Lesotho,LES,109.0,CAF,2010-05-26,2010
153,Vanuatu,VAN,108.0,OFC,2010-05-26,2010
154,Netherlands Antilles,ANT,103.0,CONCACAF,2010-05-26,2010
155,Nicaragua,NCA,101.0,CONCACAF,2010-05-26,2010
155,Eritrea,ERI,101.0,CAF,2010-05-26,2010
157,Bangladesh,BAN,100.0,AFC,2010-05-26,2010
157,Malta,MLT,100.0,UEFA,2010-05-26,2010
159,Sri Lanka,SRI,99.0,AFC,2010-05-26,2010
160,Lebanon,LIB,98.0,AFC,2010-05-26,2010
161,Nepal,NEP,96.0,AFC,2010-05-26,2010
162,Niger,NIG,92.0,CAF,2010-05-26,2010
163,St. Vincent and the Grenadines,VIN,91.0,CONCACAF,2010-05-26,2010
164,Mauritania,MTN,81.0,CAF,2010-05-26,2010
165,Pakistan,PAK,78.0,AFC,2010-05-26,2010
166,Puerto Rico,PUR,76.0,CONCACAF,2010-05-26,2010
167,Chinese Taipei,TPE,75.0,AFC,2010-05-26,2010
168,Kyrgyz Republic,KGZ,74.0,AFC,2010-05-26,2010
169,Philippines,PHI,67.0,AFC,2010-05-26,2010
170,Solomon Islands,SOL,60.0,OFC,2010-05-26,2010
171,Comoros,COM,43.0,CAF,2010-05-26,2010
172,Mauritius,MRI,40.0,CAF,2010-05-26,2010
173,Cayman Islands,CAY,39.0,CONCACAF,2010-05-26,2010
173,Laos,LAO,39.0,AFC,2010-05-26,2010
173,Somalia,SOM,39.0,CAF,2010-05-26,2010
173,Palestine,PLE,39.0,AFC,2010-05-26,2010
177,Samoa,SAM,38.0,OFC,2010-05-26,2010
178,Seychelles,SEY,37.0,CAF,2010-05-26,2010
179,Belize,BLZ,36.0,CONCACAF,2010-05-26,2010
179,Mongolia,MNG,36.0,AFC,2010-05-26,2010
181,Cook Islands,COK,34.0,OFC,2010-05-26,2010
181,Bahamas,BAH,34.0,CONCACAF,2010-05-26,2010
183,Dominica,DMA,33.0,CONCACAF,2010-05-26,2010
184,Turks and Caicos Islands,TCA,32.0,CONCACAF,2010-05-26,2010
185,Cambodia,CAM,30.0,AFC,2010-05-26,2010
186,Tonga,TGA,28.0,OFC,2010-05-26,2010
187,Dominican Republic,DOM,26.0,CONCACAF,2010-05-26,2010
188,Djibouti,DJI,23.0,CAF,2010-05-26,2010
189,Afghanistan,AFG,21.0,AFC,2010-05-26,2010
189,Brunei Darussalam,BRU,21.0,AFC,2010-05-26,2010
191,Tahiti,TAH,19.0,OFC,2010-05-26,2010
191,Guinea-Bissau,GNB,19.0,CAF,2010-05-26,2010
191,St. Lucia,LCA,19.0,CONCACAF,2010-05-26,2010
194,British Virgin Islands,VGB,18.0,CONCACAF,2010-05-26,2010
195,Guam,GUM,17.0,AFC,2010-05-26,2010
196,Bhutan,BHU,15.0,AFC,2010-05-26,2010
197,Macau,MAC,14.0,AFC,2010-05-26,2010
198,Aruba,ARU,11.0,CONCACAF,2010-05-26,2010
199,US Virgin Islands,VIR,5.0,CONCACAF,2010-05-26,2010
200,Timor-Leste,TLS,4.0,AFC,2010-05-26,2010
201,Andorra,AND,2.0,UEFA,2010-05-26,2010
1,Spain,ESP,1485.0,UEFA,2014-06-05,2014
2,Germany,GER,1300.0,UEFA,2014-06-05,2014
3,Brazil,BRA,1242.0,CONMEBOL,2014-06-05,2014
4,Portugal,POR,1189.0,UEFA,2014-06-05,2014
5,Argentina,ARG,1175.0,CONMEBOL,2014-06-05,2014
6,Switzerland,SUI,1149.0,UEFA,2014-06-05,2014
7,Uruguay,URU,1147.0,CONMEBOL,2014-06-05,2014
8,Colombia,COL,1137.0,CONMEBOL,2014-06-05,2014
9,Italy,ITA,1104.0,UEFA,2014-06-05,2014
10,England,ENG,1090.0,UEFA,2014-06-05,2014
11,Belgium,BEL,1074.0,UEFA,2014-06-05,2014
12,Greece,GRE,1064.0,UEFA,2014-06-05,2014
13,USA,USA,1035.0,CONCACAF,2014-06-05,2014
14,Chile,CHI,1026.0,CONMEBOL,2014-06-05,2014
15,Netherlands,NED,981.0,UEFA,2014-06-05,2014
16,Ukraine,UKR,915.0,UEFA,2014-06-05,2014
17,France,FRA,913.0,UEFA,2014-06-05,2014
18,Croatia,CRO,903.0,UEFA,2014-06-05,2014
19,Russia,RUS,893.0,UEFA,2014-06-05,2014
20,Mexico,MEX,882.0,CONCACAF,2014-06-05,2014
21,Bosnia and Herzegovina,BIH,873.0,UEFA,2014-06-05,2014
22,Algeria,ALG,858.0,CAF,2014-06-05,2014
23,Cote d'Ivoire,CIV,809.0,CAF,2014-06-05,2014
23,Denmark,DEN,809.0,UEFA,2014-06-05,2014
25,Slovenia,SVN,800.0,UEFA,2014-06-05,2014
26,Ecuador,ECU,791.0,CONMEBOL,2014-06-05,2014
27,Scotland,SCO,786.0,UEFA,2014-06-05,2014
28,Costa Rica,CRC,762.0,CONCACAF,2014-06-05,2014
29,Romania,ROU,761.0,UEFA,2014-06-05,2014
30,Serbia,SRB,745.0,UEFA,2014-06-05,2014
31,Panama,PAN,743.0,CONCACAF,2014-06-05,2014
32,Sweden,SWE,741.0,UEFA,2014-06-05,2014
33,Honduras,HON,731.0,CONCACAF,2014-06-05,2014
34,Czech Republic,CZE,724.0,UEFA,2014-06-05,2014
35,Turkiye,TUR,722.0,UEFA,2014-06-05,2014
36,Egypt,EGY,715.0,CAF,2014-06-05,2014
37,Ghana,GHA,704.0,CAF,2014-06-05,2014
38,Armenia,ARM,682.0,UEFA,2014-06-05,2014
39,Cape Verde,CPV,674.0,CAF,2014-06-05,2014
40,Venezuela,VEN,672.0,CONMEBOL,2014-06-05,2014
41,Wales,WAL,644.0,UEFA,2014-06-05,2014
42,Austria,AUT,643.0,UEFA,2014-06-05,2014
43,IR Iran,IRN,641.0,AFC,2014-06-05,2014
44,Nigeria,NGA,640.0,CAF,2014-06-05,2014
45,Peru,PER,627.0,CONMEBOL,2014-06-05,2014
46,Japan,JPN,626.0,AFC,2014-06-05,2014
47,Hungary,HUN,624.0,UEFA,2014-06-05,2014
48,Tunisia,TUN,612.0,CAF,2014-06-05,2014
49,Slovakia,SVK,591.0,UEFA,2014-06-05,2014
50,Paraguay,PAR,575.0,CONMEBOL,2014-06-05,2014
51,Montenegro,MNE,574.0,UEFA,2014-06-05,2014
52,Iceland,ISL,566.0,UEFA,2014-06-05,2014
52,Guinea,GUI,566.0,CAF,2014-06-05,2014
54,Sierra Leone,SLE,565.0,CAF,2014-06-05,2014
55,Norway,NOR,562.0,UEFA,2014-06-05,2014
56,Cameroon,CMR,558.0,CAF,2014-06-05,2014
57,Korea Republic,KOR,547.0,AFC,2014-06-05,2014
57,Mali,MLI,547.0,CAF,2014-06-05,2014
59,Uzbekistan,UZB,539.0,AFC,2014-06-05,2014
60,Burkina Faso,BFA,538.0,CAF,2014-06-05,2014
61,Finland,FIN,532.0,UEFA,2014-06-05,2014
62,Australia,AUS,526.0,AFC,2014-06-05,2014
63,Jordan,JOR,510.0,AFC,2014-06-05,2014
64,Libya,LBY,498.0,CAF,2014-06-05,2014
65,South Africa,RSA,496.0,CAF,2014-06-05,2014
66,Albania,ALB,495.0,UEFA,2014-06-05,2014
67,Bolivia,BOL,483.0,CONMEBOL,2014-06-05,2014
68,El Salvador,SLV,481.0,CONCACAF,2014-06-05,2014
69,Poland,POL,474.0,UEFA,2014-06-05,2014
70,Republic of Ireland,IRL,473.0,UEFA,2014-06-05,2014
71,Trinidad and Tobago,TRI,470.0,CONCACAF,2014-06-05,2014
72,United Arab Emirates,UAE,460.0,AFC,2014-06-05,2014
73,Haiti,HAI,452.0,CONCACAF,2014-06-05,2014
74,Senegal,SEN,451.0,CAF,2014-06-05,2014
75,Israel,ISR,444.0,UEFA,2014-06-05,2014
76,Zambia,ZAM,441.0,CAF,2014-06-05,2014
77,Morocco,MAR,439.0,CAF,2014-06-05,2014
78,Bulgaria,BUL,425.0,UEFA,2014-06-05,2014
79,Oman,OMA,420.0,AFC,2014-06-05,2014
80,North Macedonia,MKD,419.0,UEFA,2014-06-05,2014
81,Jamaica,JAM,411.0,CONCACAF,2014-06-05,2014
82,Belarus,BLR,397.0,UEFA,2014-06-05,2014
83,Azerbaijan,AZE,396.0,UEFA,2014-06-05,2014
84,Congo DR,COD,395.0,CAF,2014-06-05,2014
85,Congo,CGO,393.0,CAF,2014-06-05,2014
86,Uganda,UGA,390.0,CAF,2014-06-05,2014
87,Benin,BEN,386.0,CAF,2014-06-05,2014
88,Togo,TOG,383.0,CAF,2014-06-05,2014
89,Gabon,GAB,382.0,CAF,2014-06-05,2014
90,Saudi Arabia,KSA,381.0,AFC,2014-06-05,2014
90,Northern Ireland,NIR,381.0,UEFA,2014-06-05,2014
92,Botswana,BOT,375.0,CAF,2014-06-05,2014
93,Angola,ANG,364.0,CAF,2014-06-05,2014
94,Palestine,PLE,358.0,AFC,2014-06-05,2014
95,Cuba,CUB,354.0,CONCACAF,2014-06-05,2014
96,Georgia,GEO,349.0,UEFA,2014-06-05,2014
97,New Zealand,NZL,347.0,OFC,2014-06-05,2014
98,Estonia,EST,343.0,UEFA,2014-06-05,2014
99,Zimbabwe,ZIM,340.0,CAF,2014-06-05,2014
100,Qatar,QAT,339.0,AFC,2014-06-05,2014
101,Moldova,MDA,334.0,UEFA,2014-06-05,2014
102,Equatorial Guinea,EQG,333.0,CAF,2014-06-05,2014
103,China PR,CHN,331.0,AFC,2014-06-05,2014
104,Iraq,IRQ,329.0,AFC,2014-06-05,2014
105,Central African Republic,CTA,321.0,CAF,2014-06-05,2014
106,Lithuania,LTU,319.0,UEFA,2014-06-05,2014
107,Ethiopia,ETH,317.0,CAF,2014-06-05,2014
108,Kenya,KEN,296.0,CAF,2014-06-05,2014
109,Latvia,LVA,293.0,UEFA,2014-06-05,2014
110,Canada,CAN,289.0,CONCACAF,2014-06-05,2014
110,Bahrain,BHR,289.0,AFC,2014-06-05,2014
112,Niger,NIG,284.0,CAF,2014-06-05,2014
113,Tanzania,TAN,283.0,CAF,2014-06-05,2014
114,Namibia,NAM,277.0,CAF,2014-06-05,2014
115,Kuwait,KUW,276.0,AFC,2014-06-05,2014
116,Rwanda,RWA,271.0,CAF,2014-06-05,2014
116,Liberia,LBR,271.0,CAF,2014-06-05,2014
118,Mozambique,MOZ,269.0,CAF,2014-06-05,2014
119,Luxembourg,LUX,267.0,UEFA,2014-06-05,2014
120,Aruba,ARU,254.0,CONCACAF,2014-06-05,2014
120,Sudan,SDN,254.0,CAF,2014-06-05,2014
122,Malawi,MWI,247.0,CAF,2014-06-05,2014
123,Vietnam,VIE,242.0,AFC,2014-06-05,2014
124,Kazakhstan,KAZ,241.0,UEFA,2014-06-05,2014
125,Lebanon,LIB,233.0,AFC,2014-06-05,2014
126,Tajikistan,TJK,229.0,AFC,2014-06-05,2014
127,Guatemala,GUA,226.0,CONCACAF,2014-06-05,2014
128,Burundi,BDI,221.0,CAF,2014-06-05,2014
129,Philippines,PHI,217.0,AFC,2014-06-05,2014
130,Afghanistan,AFG,215.0,AFC,2014-06-05,2014
131,Dominican Republic,DOM,212.0,CONCACAF,2014-06-05,2014
132,Malta,MLT,204.0,UEFA,2014-06-05,2014
133,St. Vincent and the Grenadines,VIN,203.0,CONCACAF,2014-06-05,2014
134,Chad,CHA,201.0,CAF,2014-06-05,2014
134,Guinea-Bissau,GNB,201.0,CAF,2014-06-05,2014
136,Suriname,SUR,197.0,CONCACAF,2014-06-05,2014
137,St. Lucia,LCA,196.0,CONCACAF,2014-06-05,2014
137,Mauritania,MTN,196.0,CAF,2014-06-05,2014
139,Lesotho,LES,194.0,CAF,2014-06-05,2014
140,Syria,SYR,190.0,AFC,2014-06-05,2014
140,New Caledonia,NCL,190.0,OFC,2014-06-05,2014
142,Cyprus,CYP,189.0,UEFA,2014-06-05,2014
143,Turkmenistan,TKM,183.0,AFC,2014-06-05,2014
144,Madagascar,MAD,182.0,CAF,2014-06-05,2014
144,Grenada,GRN,182.0,CONCACAF,2014-06-05,2014
146,Korea DPR,PRK,175.0,AFC,2014-06-05,2014
147,Maldives,MDV,171.0,AFC,2014-06-05,2014
148,Gambia,GAM,166.0,CAF,2014-06-05,2014
149,Thailand,THA,163.0,AFC,2014-06-05,2014
149,Kyrgyz Republic,KGZ,163.0,AFC,2014-06-05,2014
151,Antigua and Barbuda,ATG,158.0,CONCACAF,2014-06-05,2014
152,Belize,BLZ,152.0,CONCACAF,2014-06-05,2014
153,Malaysia,MAS,149.0,AFC,2014-06-05,2014
154,India,IND,144.0,AFC,2014-06-05,2014
155,Singapore,SGP,141.0,AFC,2014-06-05,2014
156,Guyana,GUY,137.0,CONCACAF,2014-06-05,2014
157,Indonesia,IDN,135.0,AFC,2014-06-05,2014
158,Puerto Rico,PUR,134.0,CONCACAF,2014-06-05,2014
159,Myanmar,MYA,133.0,AFC,2014-06-05,2014
160,St. Kitts and Nevis,SKN,124.0,CONCACAF,2014-06-05,2014
161,Tahiti,TAH,122.0,OFC,2014-06-05,2014
162,Liechtenstein,LIE,118.0,UEFA,2014-06-05,2014
163,Hong Kong,HKG,112.0,AFC,2014-06-05,2014
164,Nepal,NEP,102.0,AFC,2014-06-05,2014
164,Pakistan,PAK,102.0,AFC,2014-06-05,2014
166,Montserrat,MSR,99.0,CONCACAF,2014-06-05,2014
167,Bangladesh,BAN,98.0,AFC,2014-06-05,2014
168,Laos,LAO,97.0,AFC,2014-06-05,2014
169,Dominica,DMA,93.0,CONCACAF,2014-06-05,2014
170,Barbados,BRB,92.0,CONCACAF,2014-06-05,2014
171,Faroe Islands,FRO,89.0,UEFA,2014-06-05,2014
172,Sao Tome e Principe,STP,86.0,CAF,2014-06-05,2014
173,Swaziland,SWZ,85.0,CAF,2014-06-05,2014
174,Comoros,COM,84.0,CAF,2014-06-05,2014
175,Bermuda,BER,83.0,CONCACAF,2014-06-05,2014
176,Chinese Taipei,TPE,78.0,AFC,2014-06-05,2014
176,Nicaragua,NCA,78.0,CONCACAF,2014-06-05,2014
178,Guam,GUM,77.0,AFC,2014-06-05,2014
179,Sri Lanka,SRI,73.0,AFC,2014-06-05,2014
180,Solomon Islands,SOL,70.0,OFC,2014-06-05,2014
181,Seychelles,SEY,66.0,CAF,2014-06-05,2014
182,Curacao,CUW,65.0,CONCACAF,2014-06-05,2014
183,Yemen,YEM,61.0,AFC,2014-06-05,2014
184,Mauritius,MRI,57.0,CAF,2014-06-05,2014
185,South Sudan,SSD,47.0,CAF,2014-06-05,2014
186,Bahamas,BAH,40.0,CONCACAF,2014-06-05,2014
187,Mongolia,MNG,35.0,AFC,2014-06-05,2014
188,Fiji,FIJ,34.0,OFC,2014-06-05,2014
189,Samoa,SAM,32.0,OFC,2014-06-05,2014
190,Vanuatu,VAN,28.0,OFC,2014-06-05,2014
190,Cambodia,CAM,28.0,AFC,2014-06-05,2014
192,Tonga,TGA,26.0,OFC,2014-06-05,2014
192,Timor-Leste,TLS,26.0,AFC,2014-06-05,2014
192,Brunei Darussalam,BRU,26.0,AFC,2014-06-05,2014
195,US Virgin Islands,VIR,23.0,CONCACAF,2014-06-05,2014
196,Papua New Guinea,PNG,21.0,OFC,2014-06-05,2014
196,Cayman Islands,CAY,21.0,CONCACAF,2014-06-05,2014
198,American Samoa,ASA,18.0,OFC,2014-06-05,2014
198,British Virgin Islands,VGB,18.0,CONCACAF,2014-06-05,2014
200,Andorra,AND,16.0,UEFA,2014-06-05,2014
201,Eritrea,ERI,11.0,CAF,2014-06-05,2014
202,Macau,MAC,8.0,AFC,2014-06-05,2014
202,Somalia,SOM,8.0,CAF,2014-06-05,2014
204,Djibouti,DJI,6.0,CAF,2014-06-05,2014
205,Cook Islands,COK,5.0,OFC,2014-06-05,2014
206,Anguilla,AIA,3.0,CONCACAF,2014-06-05,2014
1,Germany,GER,1558.0,UEFA,2018-06-07,2018
2,Brazil,BRA,1431.0,CONMEBOL,2018-06-07,2018
3,Belgium,BEL,1298.0,UEFA,2018-06-07,2018
4,Portugal,POR,1274.0,UEFA,2018-06-07,2018
5,Argentina,ARG,1241.0,CONMEBOL,2018-06-07,2018
6,Switzerland,SUI,1199.0,UEFA,2018-06-07,2018
7,France,FRA,1198.0,UEFA,2018-06-07,2018
8,Poland,POL,1183.0,UEFA,2018-06-07,2018
9,Chile,CHI,1135.0,CONMEBOL,2018-06-07,2018
10,Spain,ESP,1126.0,UEFA,2018-06-07,2018
11,Peru,PER,1125.0,CONMEBOL,2018-06-07,2018
12,Denmark,DEN,1051.0,UEFA,2018-06-07,2018
12,England,ENG,1051.0,UEFA,2018-06-07,2018
14,Uruguay,URU,1018.0,CONMEBOL,2018-06-07,2018
15,Mexico,MEX,989.0,CONCACAF,2018-06-07,2018
16,Colombia,COL,986.0,CONMEBOL,2018-06-07,2018
17,Netherlands,NED,981.0,UEFA,2018-06-07,2018
18,Wales,WAL,953.0,UEFA,2018-06-07,2018
19,Italy,ITA,951.0,UEFA,2018-06-07,2018
20,Croatia,CRO,945.0,UEFA,2018-06-07,2018
21,Tunisia,TUN,910.0,CAF,2018-06-07,2018
22,Iceland,ISL,908.0,UEFA,2018-06-07,2018
23,Costa Rica,CRC,884.0,CONCACAF,2018-06-07,2018
24,Sweden,SWE,880.0,UEFA,2018-06-07,2018
25,USA,USA,873.0,CONCACAF,2018-06-07,2018
26,Austria,AUT,845.0,UEFA,2018-06-07,2018
27,Senegal,SEN,838.0,CAF,2018-06-07,2018
28,Slovakia,SVK,804.0,UEFA,2018-06-07,2018
29,Northern Ireland,NIR,803.0,UEFA,2018-06-07,2018
30,Romania,ROU,782.0,UEFA,2018-06-07,2018
31,Republic of Ireland,IRL,777.0,UEFA,2018-06-07,2018
32,Paraguay,PAR,773.0,CONMEBOL,2018-06-07,2018
33,Venezuela,VEN,755.0,CONMEBOL,2018-06-07,2018
34,Serbia,SRB,751.0,UEFA,2018-06-07,2018
35,Ukraine,UKR,733.0,UEFA,2018-06-07,2018
36,Australia,AUS,718.0,AFC,2018-06-07,2018
37,IR Iran,IRN,708.0,AFC,2018-06-07,2018
38,Turkiye,TUR,706.0,UEFA,2018-06-07,2018
38,Congo DR,COD,706.0,CAF,2018-06-07,2018
40,Bosnia and Herzegovina,BIH,693.0,UEFA,2018-06-07,2018
41,Morocco,MAR,686.0,CAF,2018-06-07,2018
42,Scotland,SCO,660.0,UEFA,2018-06-07,2018
43,Montenegro,MNE,652.0,UEFA,2018-06-07,2018
44,Greece,GRE,650.0,UEFA,2018-06-07,2018
45,Egypt,EGY,649.0,CAF,2018-06-07,2018
46,Czech Republic,CZE,641.0,UEFA,2018-06-07,2018
47,Ghana,GHA,624.0,CAF,2018-06-07,2018
48,Nigeria,NGA,618.0,CAF,2018-06-07,2018
49,Bulgaria,BUL,614.0,UEFA,2018-06-07,2018
49,Cameroon,CMR,614.0,CAF,2018-06-07,2018
51,Hungary,HUN,612.0,UEFA,2018-06-07,2018
52,Burkina Faso,BFA,604.0,CAF,2018-06-07,2018
53,Norway,NOR,596.0,UEFA,2018-06-07,2018
54,Jamaica,JAM,588.0,CONCACAF,2018-06-07,2018
55,Panama,PAN,571.0,CONCACAF,2018-06-07,2018
56,Slovenia,SVN,558.0,UEFA,2018-06-07,2018
57,Korea Republic,KOR,544.0,AFC,2018-06-07,2018
58,Albania,ALB,538.0,UEFA,2018-06-07,2018
59,Bolivia,BOL,536.0,CONMEBOL,2018-06-07,2018
60,Ecuador,ECU,524.0,CONMEBOL,2018-06-07,2018
61,Japan,JPN,521.0,AFC,2018-06-07,2018
62,Honduras,HON,503.0,CONCACAF,2018-06-07,2018
63,Finland,FIN,486.0,UEFA,2018-06-07,2018
64,Mali,MLI,484.0,CAF,2018-06-07,2018
65,Cape Verde,CPV,478.0,CAF,2018-06-07,2018
66,Algeria,ALG,474.0,CAF,2018-06-07,2018
67,Saudi Arabia,KSA,465.0,AFC,2018-06-07,2018
68,Guinea,GUI,463.0,CAF,2018-06-07,2018
68,Cote d'Ivoire,CIV,463.0,CAF,2018-06-07,2018
70,Russia,RUS,457.0,UEFA,2018-06-07,2018
71,North Macedonia,MKD,451.0,UEFA,2018-06-07,2018
72,El Salvador,SLV,442.0,CONCACAF,2018-06-07,2018
73,Syria,SYR,440.0,AFC,2018-06-07,2018
74,South Africa,RSA,428.0,CAF,2018-06-07,2018
75,China PR,CHN,423.0,AFC,2018-06-07,2018
76,Zambia,ZAM,420.0,CAF,2018-06-07,2018
77,United Arab Emirates,UAE,418.0,AFC,2018-06-07,2018
78,Belarus,BLR,417.0,UEFA,2018-06-07,2018
79,Canada,CAN,411.0,CONCACAF,2018-06-07,2018
79,Lebanon,LIB,411.0,AFC,2018-06-07,2018
81,Curacao,CUW,408.0,CONCACAF,2018-06-07,2018
82,Uganda,UGA,403.0,CAF,2018-06-07,2018
83,Congo,CGO,393.0,CAF,2018-06-07,2018
84,Oman,OMA,391.0,AFC,2018-06-07,2018
85,Luxembourg,LUX,390.0,UEFA,2018-06-07,2018
85,Gabon,GAB,390.0,CAF,2018-06-07,2018
87,Cyprus,CYP,384.0,UEFA,2018-06-07,2018
88,Benin,BEN,379.0,CAF,2018-06-07,2018
89,Iraq,IRQ,377.0,AFC,2018-06-07,2018
90,Faroe Islands,FRO,376.0,UEFA,2018-06-07,2018
91,Trinidad and Tobago,TRI,370.0,CONCACAF,2018-06-07,2018
92,Kyrgyz Republic,KGZ,363.0,AFC,2018-06-07,2018
93,Israel,ISR,362.0,UEFA,2018-06-07,2018
94,Estonia,EST,359.0,UEFA,2018-06-07,2018
95,Uzbekistan,UZB,354.0,AFC,2018-06-07,2018
96,Georgia,GEO,352.0,UEFA,2018-06-07,2018
97,India,IND,350.0,AFC,2018-06-07,2018
98,Qatar,QAT,348.0,AFC,2018-06-07,2018
99,Palestine,PLE,347.0,AFC,2018-06-07,2018
100,Armenia,ARM,338.0,UEFA,2018-06-07,2018
101,Libya,LBY,336.0,CAF,2018-06-07,2018
102,Vietnam,VIE,334.0,AFC,2018-06-07,2018
103,Niger,NIG,323.0,CAF,2018-06-07,2018
104,Haiti,HAI,322.0,CONCACAF,2018-06-07,2018
105,Azerbaijan,AZE,321.0,UEFA,2018-06-07,2018
106,Madagascar,MAD,308.0,CAF,2018-06-07,2018
107,Mauritania,MTN,304.0,CAF,2018-06-07,2018
108,Korea DPR,PRK,303.0,AFC,2018-06-07,2018
108,Central African Republic,CTA,303.0,CAF,2018-06-07,2018
110,Jordan,JOR,296.0,AFC,2018-06-07,2018
111,Sierra Leone,SLE,292.0,CAF,2018-06-07,2018
112,Kenya,KEN,291.0,CAF,2018-06-07,2018
113,Bahrain,BHR,289.0,AFC,2018-06-07,2018
114,Mozambique,MOZ,282.0,CAF,2018-06-07,2018
115,Philippines,PHI,280.0,AFC,2018-06-07,2018
116,Namibia,NAM,277.0,CAF,2018-06-07,2018
117,Kazakhstan,KAZ,273.0,UEFA,2018-06-07,2018
118,Zimbabwe,ZIM,265.0,CAF,2018-06-07,2018
119,Tajikistan,TJK,264.0,AFC,2018-06-07,2018
120,New Zealand,NZL,256.0,OFC,2018-06-07,2018
121,Guinea-Bissau,GNB,255.0,CAF,2018-06-07,2018
122,Thailand,THA,248.0,AFC,2018-06-07,2018
123,Chinese Taipei,TPE,247.0,AFC,2018-06-07,2018
123,Malawi,MWI,247.0,CAF,2018-06-07,2018
125,Togo,TOG,241.0,CAF,2018-06-07,2018
126,Antigua and Barbuda,ATG,239.0,CONCACAF,2018-06-07,2018
126,Lithuania,LTU,239.0,UEFA,2018-06-07,2018
128,Sudan,SDN,232.0,CAF,2018-06-07,2018
129,Latvia,LVA,230.0,UEFA,2018-06-07,2018
130,Andorra,AND,229.0,UEFA,2018-06-07,2018
130,Turkmenistan,TKM,229.0,AFC,2018-06-07,2018
132,Nicaragua,NCA,228.0,CONCACAF,2018-06-07,2018
133,Yemen,YEM,227.0,AFC,2018-06-07,2018
134,Swaziland,SWZ,222.0,CAF,2018-06-07,2018
135,St. Kitts and Nevis,SKN,218.0,CONCACAF,2018-06-07,2018
136,Rwanda,RWA,216.0,CAF,2018-06-07,2018
137,Angola,ANG,209.0,CAF,2018-06-07,2018
138,Myanmar,MYA,206.0,AFC,2018-06-07,2018
139,Botswana,BOT,205.0,CAF,2018-06-07,2018
140,Tanzania,TAN,200.0,CAF,2018-06-07,2018
141,Kosovo,KOS,197.0,UEFA,2018-06-07,2018
142,Hong Kong,HKG,195.0,AFC,2018-06-07,2018
143,Equatorial Guinea,EQG,190.0,CAF,2018-06-07,2018
143,Solomon Islands,SOL,190.0,OFC,2018-06-07,2018
145,Afghanistan,AFG,188.0,AFC,2018-06-07,2018
146,Guatemala,GUA,180.0,CONCACAF,2018-06-07,2018
147,Lesotho,LES,175.0,CAF,2018-06-07,2018
148,Burundi,BDI,174.0,CAF,2018-06-07,2018
149,Comoros,COM,172.0,CAF,2018-06-07,2018
150,Maldives,MDV,171.0,AFC,2018-06-07,2018
151,Ethiopia,ETH,166.0,CAF,2018-06-07,2018
152,Dominican Republic,DOM,162.0,CONCACAF,2018-06-07,2018
153,Suriname,SUR,154.0,CONCACAF,2018-06-07,2018
154,New Caledonia,NCL,150.0,OFC,2018-06-07,2018
155,Mauritius,MRI,140.0,CAF,2018-06-07,2018
156,South Sudan,SSD,132.0,CAF,2018-06-07,2018
157,Tahiti,TAH,130.0,OFC,2018-06-07,2018
158,Liberia,LBR,129.0,CAF,2018-06-07,2018
159,Kuwait,KUW,128.0,AFC,2018-06-07,2018
160,Barbados,BRB,127.0,CONCACAF,2018-06-07,2018
161,Nepal,NEP,118.0,AFC,2018-06-07,2018
162,Vanuatu,VAN,117.0,OFC,2018-06-07,2018
163,Belize,BLZ,115.0,CONCACAF,2018-06-07,2018
164,Indonesia,IDN,111.0,AFC,2018-06-07,2018
165,Fiji,FIJ,104.0,OFC,2018-06-07,2018
166,Papua New Guinea,PNG,103.0,OFC,2018-06-07,2018
166,Cambodia,CAM,103.0,AFC,2018-06-07,2018
168,Grenada,GRN,102.0,CONCACAF,2018-06-07,2018
169,Singapore,SGP,99.0,AFC,2018-06-07,2018
170,St. Lucia,LCA,95.0,CONCACAF,2018-06-07,2018
171,Malaysia,MAS,93.0,AFC,2018-06-07,2018
172,Gambia,GAM,92.0,CAF,2018-06-07,2018
173,St. Vincent and the Grenadines,VIN,89.0,CONCACAF,2018-06-07,2018
173,Puerto Rico,PUR,89.0,CONCACAF,2018-06-07,2018
175,Moldova,MDA,88.0,UEFA,2018-06-07,2018
175,Chad,CHA,88.0,CAF,2018-06-07,2018
177,Dominica,DMA,86.0,CONCACAF,2018-06-07,2018
178,Bermuda,BER,82.0,CONCACAF,2018-06-07,2018
178,Laos,LAO,82.0,AFC,2018-06-07,2018
180,Liechtenstein,LIE,80.0,UEFA,2018-06-07,2018
181,Cuba,CUB,75.0,CONCACAF,2018-06-07,2018
182,Guyana,GUY,73.0,CONCACAF,2018-06-07,2018
183,Bhutan,BHU,68.0,AFC,2018-06-07,2018
184,Malta,MLT,65.0,UEFA,2018-06-07,2018
185,Macau,MAC,60.0,AFC,2018-06-07,2018
186,Mongolia,MNG,51.0,AFC,2018-06-07,2018
186,Sao Tome e Principe,STP,51.0,CAF,2018-06-07,2018
188,Seychelles,SEY,48.0,CAF,2018-06-07,2018
188,Aruba,ARU,48.0,CONCACAF,2018-06-07,2018
190,Guam,GUM,45.0,AFC,2018-06-07,2018
190,Timor-Leste,TLS,45.0,AFC,2018-06-07,2018
192,Cook Islands,COK,38.0,OFC,2018-06-07,2018
192,American Samoa,ASA,38.0,OFC,2018-06-07,2018
194,Bangladesh,BAN,35.0,AFC,2018-06-07,2018
195,Brunei Darussalam,BRU,34.0,AFC,2018-06-07,2018
195,Gibraltar,GIB,34.0,UEFA,2018-06-07,2018
197,Djibouti,DJI,32.0,CAF,2018-06-07,2018
197,Samoa,SAM,32.0,OFC,2018-06-07,2018
199,US Virgin Islands,VIR,18.0,CONCACAF,2018-06-07,2018
200,Sri Lanka,SRI,17.0,AFC,2018-06-07,2018
201,Pakistan,PAK,10.0,AFC,2018-06-07,2018
202,Cayman Islands,CAY,9.0,CONCACAF,2018-06-07,2018
203,San Marino,SMR,8.0,UEFA,2018-06-07,2018
204,British Virgin Islands,VGB,4.0,CONCACAF,2018-06-07,2018
204,Montserrat,MSR,4.0,CONCACAF,2018-06-07,2018
1,Brazil,BRA,1837.56,CONMEBOL,2022-06-23,2022
2,Belgium,BEL,1821.92,UEFA,2022-06-23,2022
3,Argentina,ARG,1770.65,CONMEBOL,2022-06-23,2022
4,France,FRA,1764.85,UEFA,2022-06-23,2022
5,England,ENG,1737.46,UEFA,2022-06-23,2022
6,Spain,ESP,1716.93,UEFA,2022-06-23,2022
7,Italy,ITA,1713.86,UEFA,2022-06-23,2022
8,Netherlands,NED,1679.41,UEFA,2022-06-23,2022
9,Portugal,POR,1678.65,UEFA,2022-06-23,2022
10,Denmark,DEN,1665.47,UEFA,2022-06-23,2022
11,Germany,GER,1658.96,UEFA,2022-06-23,2022
12,Mexico,MEX,1649.57,CONCACAF,2022-06-23,2022
13,Uruguay,URU,1643.71,CONMEBOL,2022-06-23,2022
14,USA,USA,1635.01,CONCACAF,2022-06-23,2022
15,Croatia,CRO,1632.15,UEFA,2022-06-23,2022
16,Switzerland,SUI,1621.43,UEFA,2022-06-23,2022
17,Colombia,COL,1604.07,CONMEBOL,2022-06-23,2022
18,Senegal,SEN,1593.45,CAF,2022-06-23,2022
19,Wales,WAL,1582.13,UEFA,2022-06-23,2022
20,Sweden,SWE,1563.44,UEFA,2022-06-23,2022
21,Peru,PER,1562.24,CONMEBOL,2022-06-23,2022
22,Morocco,MAR,1558.9,CAF,2022-06-23,2022
23,IR Iran,IRN,1558.64,AFC,2022-06-23,2022
24,Japan,JPN,1552.77,AFC,2022-06-23,2022
25,Serbia,SRB,1549.53,UEFA,2022-06-23,2022
26,Poland,POL,1546.18,UEFA,2022-06-23,2022
27,Ukraine,UKR,1542.79,UEFA,2022-06-23,2022
28,Korea Republic,KOR,1526.2,AFC,2022-06-23,2022
29,Chile,CHI,1514.86,CONMEBOL,2022-06-23,2022
30,Tunisia,TUN,1507.86,CAF,2022-06-23,2022
31,Nigeria,NGA,1504.7,CAF,2022-06-23,2022
32,Czech Republic,CZE,1502.9,UEFA,2022-06-23,2022
33,Austria,AUT,1502.47,UEFA,2022-06-23,2022
34,Costa Rica,CRC,1500.06,CONCACAF,2022-06-23,2022
35,Russia,RUS,1493.42,UEFA,2022-06-23,2022
36,Norway,NOR,1488.57,UEFA,2022-06-23,2022
37,Hungary,HUN,1486.76,UEFA,2022-06-23,2022
38,Cameroon,CMR,1484.95,CAF,2022-06-23,2022
39,Australia,AUS,1483.73,AFC,2022-06-23,2022
40,Egypt,EGY,1482.63,CAF,2022-06-23,2022
41,Algeria,ALG,1480.59,CAF,2022-06-23,2022
42,Turkiye,TUR,1475.13,UEFA,2022-06-23,2022
43,Canada,CAN,1473.82,CONCACAF,2022-06-23,2022
44,Ecuador,ECU,1463.74,CONMEBOL,2022-06-23,2022
45,Scotland,SCO,1462.96,UEFA,2022-06-23,2022
46,Mali,MLI,1447.74,CAF,2022-06-23,2022
47,Republic of Ireland,IRL,1442.48,UEFA,2022-06-23,2022
48,Greece,GRE,1441.45,UEFA,2022-06-23,2022
49,Qatar,QAT,1441.41,AFC,2022-06-23,2022
50,Paraguay,PAR,1440.13,CONMEBOL,2022-06-23,2022
51,Slovakia,SVK,1439.99,UEFA,2022-06-23,2022
52,Cote d'Ivoire,CIV,1435.91,CAF,2022-06-23,2022
53,Saudi Arabia,KSA,1435.74,AFC,2022-06-23,2022
54,Romania,ROU,1427.84,UEFA,2022-06-23,2022
55,Burkina Faso,BFA,1425.64,CAF,2022-06-23,2022
56,Venezuela,VEN,1405.17,CONMEBOL,2022-06-23,2022
57,Bosnia and Herzegovina,BIH,1403.98,UEFA,2022-06-23,2022
58,Northern Ireland,NIR,1399.1,UEFA,2022-06-23,2022
59,Finland,FIN,1398.41,UEFA,2022-06-23,2022
60,Ghana,GHA,1389.68,CAF,2022-06-23,2022
61,Panama,PAN,1386.51,CONCACAF,2022-06-23,2022
62,Jamaica,JAM,1382.06,CONCACAF,2022-06-23,2022
63,Iceland,ISL,1379.61,UEFA,2022-06-23,2022
64,North Macedonia,MKD,1375.2,UEFA,2022-06-23,2022
65,Slovenia,SVN,1372.48,UEFA,2022-06-23,2022
66,Albania,ALB,1361.81,UEFA,2022-06-23,2022
67,Montenegro,MNE,1354.59,UEFA,2022-06-23,2022
68,South Africa,RSA,1347.91,CAF,2022-06-23,2022
69,United Arab Emirates,UAE,1346.09,AFC,2022-06-23,2022
70,Iraq,IRQ,1338.91,AFC,2022-06-23,2022
71,El Salvador,SLV,1333.48,CONCACAF,2022-06-23,2022
72,Cabo Verde,CPV,1332.96,CAF,2022-06-23,2022
73,Congo DR,COD,1332.84,CAF,2022-06-23,2022
74,Bulgaria,BUL,1325.16,UEFA,2022-06-23,2022
75,Oman,OMA,1323.03,AFC,2022-06-23,2022
76,Israel,ISR,1316.35,UEFA,2022-06-23,2022
77,Uzbekistan,UZB,1306.63,AFC,2022-06-23,2022
78,China PR,CHN,1304.02,AFC,2022-06-23,2022
79,Gabon,GAB,1301.84,CAF,2022-06-23,2022
80,Honduras,HON,1299.69,CONCACAF,2022-06-23,2022
81,Bolivia,BOL,1298.81,CONMEBOL,2022-06-23,2022
82,Georgia,GEO,1296.46,UEFA,2022-06-23,2022
83,Guinea,GUI,1294.89,CAF,2022-06-23,2022
84,Curacao,CUW,1293.35,CONCACAF,2022-06-23,2022
85,Bahrain,BHR,1289.25,AFC,2022-06-23,2022
86,Jordan,JOR,1279.74,AFC,2022-06-23,2022
87,Haiti,HAI,1269.07,CONCACAF,2022-06-23,2022
88,Zambia,ZAM,1268.18,CAF,2022-06-23,2022
89,Syria,SYR,1265.03,AFC,2022-06-23,2022
90,Uganda,UGA,1264.56,CAF,2022-06-23,2022
91,Benin,BEN,1262.49,CAF,2022-06-23,2022
92,Armenia,ARM,1242.42,UEFA,2022-06-23,2022
93,Luxembourg,LUX,1235.36,UEFA,2022-06-23,2022
94,Palestine,PLE,1233.72,AFC,2022-06-23,2022
95,Kyrgyz Republic,KGZ,1232.91,AFC,2022-06-23,2022
96,Belarus,BLR,1226.55,UEFA,2022-06-23,2022
97,Vietnam,VIE,1218.84,AFC,2022-06-23,2022
98,Equatorial Guinea,EQG,1215.33,CAF,2022-06-23,2022
99,Congo,CGO,1215.09,CAF,2022-06-23,2022
100,Lebanon,LBN,1211.71,AFC,2022-06-23,2022
101,Trinidad and Tobago,TRI,1205.85,CONCACAF,2022-06-23,2022
102,Kenya,KEN,1202.26,CAF,2022-06-23,2022
103,New Zealand,NZL,1198.96,OFC,2022-06-23,2022
104,India,IND,1198.65,AFC,2022-06-23,2022
105,Madagascar,MAD,1196.03,CAF,2022-06-23,2022
106,Kosovo,KOS,1183.9,UEFA,2022-06-23,2022
107,Cyprus,CYP,1180.52,UEFA,2022-06-23,2022
108,Tajikistan,TJK,1179.1,AFC,2022-06-23,2022
109,Estonia,EST,1177.4,UEFA,2022-06-23,2022
110,Mauritania,MTN,1177.0,CAF,2022-06-23,2022
111,Thailand,THA,1170.69,AFC,2022-06-23,2022
112,Korea DPR,PRK,1169.96,AFC,2022-06-23,2022
113,Sierra Leone,SLE,1168.21,CAF,2022-06-23,2022
114,Kazakhstan,KAZ,1166.28,UEFA,2022-06-23,2022
115,Guinea-Bissau,GNB,1165.78,CAF,2022-06-23,2022
116,Guatemala,GUA,1161.96,CONCACAF,2022-06-23,2022
117,Namibia,NAM,1160.97,CAF,2022-06-23,2022
118,Mozambique,MOZ,1160.55,CAF,2022-06-23,2022
119,Niger,NIG,1155.23,CAF,2022-06-23,2022
120,Libya,LBY,1148.36,CAF,2022-06-23,2022
121,Malawi,MWI,1146.49,CAF,2022-06-23,2022
122,Angola,ANG,1145.26,CAF,2022-06-23,2022
123,Zimbabwe,ZIM,1138.56,CAF,2022-06-23,2022
124,Gambia,GAM,1137.22,CAF,2022-06-23,2022
125,Faroe Islands,FRO,1136.29,UEFA,2022-06-23,2022
126,Comoros,COM,1131.88,CAF,2022-06-23,2022
127,Togo,TOG,1130.22,CAF,2022-06-23,2022
128,Azerbaijan,AZE,1127.17,UEFA,2022-06-23,2022
129,Latvia,LVA,1125.36,UEFA,2022-06-23,2022
130,Sudan,SDN,1124.91,CAF,2022-06-23,2022
131,Tanzania,TAN,1119.24,CAF,2022-06-23,2022
132,Antigua and Barbuda,ATG,1117.01,CONCACAF,2022-06-23,2022
133,Central African Republic,CTA,1116.06,CAF,2022-06-23,2022
134,Philippines,PHI,1113.75,AFC,2022-06-23,2022
135,Turkmenistan,TKM,1100.47,AFC,2022-06-23,2022
136,Rwanda,RWA,1095.04,CAF,2022-06-23,2022
137,Solomon Islands,SOL,1092.56,OFC,2022-06-23,2022
138,Ethiopia,ETH,1086.73,CAF,2022-06-23,2022
139,Nicaragua,NCA,1079.18,CONCACAF,2022-06-23,2022
140,Burundi,BDI,1078.12,CAF,2022-06-23,2022
141,St. Kitts and Nevis,SKN,1076.91,CONCACAF,2022-06-23,2022
142,Lithuania,LTU,1074.08,UEFA,2022-06-23,2022
143,Suriname,SUR,1072.24,CONCACAF,2022-06-23,2022
144,Eswatini,SWZ,1066.92,CAF,2022-06-23,2022
145,Hong Kong,HKG,1061.15,AFC,2022-06-23,2022
146,Lesotho,LES,1059.04,CAF,2022-06-23,2022
147,Malaysia,MAS,1057.59,AFC,2022-06-23,2022
148,Kuwait,KUW,1053.41,AFC,2022-06-23,2022
149,Botswana,BOT,1050.32,CAF,2022-06-23,2022
150,Liberia,LBR,1047.36,CAF,2022-06-23,2022
151,Dominican Republic,DOM,1031.86,CONCACAF,2022-06-23,2022
152,Andorra,AND,1028.7,UEFA,2022-06-23,2022
153,Yemen,YEM,1023.52,AFC,2022-06-23,2022
154,Afghanistan,AFG,1023.04,AFC,2022-06-23,2022
155,Indonesia,IDN,1019.19,AFC,2022-06-23,2022
156,Maldives,MDV,1018.25,AFC,2022-06-23,2022
157,Chinese Taipei,TPE,1017.78,AFC,2022-06-23,2022
158,Myanmar,MYA,1011.91,AFC,2022-06-23,2022
159,Singapore,SGP,1004.75,AFC,2022-06-23,2022
160,New Caledonia,NCL,999.7,OFC,2022-06-23,2022
161,Papua New Guinea,PNG,997.6,OFC,2022-06-23,2022
162,Tahiti,TAH,995.11,OFC,2022-06-23,2022
163,Fiji,FIJ,993.37,OFC,2022-06-23,2022
164,Vanuatu,VAN,990.55,OFC,2022-06-23,2022
165,South Sudan,SSD,985.53,CAF,2022-06-23,2022
166,Barbados,BRB,982.27,CONCACAF,2022-06-23,2022
167,Cuba,CUB,978.65,CONCACAF,2022-06-23,2022
168,Malta,MLT,974.68,UEFA,2022-06-23,2022
169,Puerto Rico,PUR,974.32,CONCACAF,2022-06-23,2022
170,Bermuda,BER,970.3,CONCACAF,2022-06-23,2022
171,Grenada,GRN,969.0,CONCACAF,2022-06-23,2022
172,Guyana,GUY,968.74,CONCACAF,2022-06-23,2022
173,St. Lucia,LCA,965.66,CONCACAF,2022-06-23,2022
174,Cambodia,CAM,954.3,AFC,2022-06-23,2022
175,Belize,BLZ,950.88,CONCACAF,2022-06-23,2022
176,Nepal,NEP,950.45,AFC,2022-06-23,2022
177,Montserrat,MSR,947.96,CONCACAF,2022-06-23,2022
178,Moldova,MDA,944.96,UEFA,2022-06-23,2022
179,Mauritius,MRI,940.47,CAF,2022-06-23,2022
180,St. Vincent and the Grenadines,VIN,939.97,CONCACAF,2022-06-23,2022
181,Chad,CHA,931.98,CAF,2022-06-23,2022
182,Macau,MAC,922.1,AFC,2022-06-23,2022
183,Laos,LAO,914.66,AFC,2022-06-23,2022
184,Mongolia,MNG,913.55,AFC,2022-06-23,2022
185,Dominica,DMA,911.51,CONCACAF,2022-06-23,2022
186,Bhutan,BHU,910.96,AFC,2022-06-23,2022
187,Sao Tome and Principe,STP,908.18,CAF,2022-06-23,2022
188,American Samoa,ASA,900.27,OFC,2022-06-23,2022
189,Cook Islands,COK,899.33,OFC,2022-06-23,2022
190,Brunei Darussalam,BRU,897.1,AFC,2022-06-23,2022
191,Samoa,SAM,894.26,OFC,2022-06-23,2022
192,Bangladesh,BAN,883.18,AFC,2022-06-23,2022
193,Djibouti,DJI,875.98,CAF,2022-06-23,2022
194,Liechtenstein,LIE,873.99,UEFA,2022-06-23,2022
195,Seychelles,SEY,866.94,CAF,2022-06-23,2022
196,Pakistan,PAK,866.81,AFC,2022-06-23,2022
197,Cayman Islands,CAY,865.72,CONCACAF,2022-06-23,2022
198,Tonga,TGA,861.81,OFC,2022-06-23,2022
199,Timor-Leste,TLS,861.43,AFC,2022-06-23,2022
200,Somalia,SOM,857.39,CAF,2022-06-23,2022
201,Gibraltar,GIB,856.55,UEFA,2022-06-23,2022
202,Eritrea,ERI,855.56,CAF,2022-06-23,2022
203,Aruba,ARU,855.37,CONCACAF,2022-06-23,2022
204,Bahamas,BAH,854.8,CONCACAF,2022-06-23,2022
205,Guam,GUM,838.33,AFC,2022-06-23,2022
206,Turks and Caicos Islands,TCA,832.0,CONCACAF,2022-06-23,2022
207,Sri Lanka,SRI,825.25,AFC,2022-06-23,2022
208,US Virgin Islands,VIR,823.97,CONCACAF,2022-06-23,2022
209,British Virgin Islands,VGB,809.32,CONCACAF,2022-06-23,2022
210,Anguilla,AIA,790.74,CONCACAF,2022-06-23,2022
211,San Marino,SMR,763.82,UEFA,2022-06-23,2022
